type,hand_id,hand_position_x,hand_position_y,hand_position_z,hand_stabilized_x,hand_stabilized_y,hand_stabilized_z,hand_direction_x,hand_direction_y,hand_direction_z,hand_dynamics_x,hand_dynamics_y,hand_dynamics_z,hand_roll,hand_pitch,hand_yaw,hand_is_left,hand_is_right,hand_grab,hand_pinch,hand_time,sphere_position_x,sphere_position_y,sphere_position_z,sphere_radius,outstretched_fingers_num,outstretched_fingers_by_angle_num,thumb_is_outstretched,index_is_outstretched,middle_is_outstretched,ring_is_outstretched,pinky_is_outstretched,thumb_is_outstretched_by_angle,index_is_outstretched_by_angle,middle_is_outstretched_by_angle,ring_is_outstretched_by_angle,pinky_is_outstretched_by_angle,arm_width,arm_wrist_pos_x,arm_wrist_pos_y,arm_wrist_pos_z,arm_elbow_pos_x,arm_elbow_pos_y,arm_elbow_pos_z,thumb_finger_id,thumb_finger_position_x,thumb_finger_position_y,thumb_finger_position_z,thumb_finger_stabilized_x,thumb_finger_stabilized_y,thumb_finger_stabilized_z,thumb_finger_velocity_x,thumb_finger_velocity_y,thumb_finger_velocity_z,thumb_finger_direction_x,thumb_finger_direction_y,thumb_finger_direction_z,thumb_finger_time,thumb_raw_position_of_joint_dip_x,thumb_raw_position_of_joint_dip_y,thumb_raw_position_of_joint_dip_z,thumb_raw_position_of_joint_mcp_x,thumb_raw_position_of_joint_mcp_y,thumb_raw_position_of_joint_mcp_z,thumb_raw_position_of_joint_pip_x,thumb_raw_position_of_joint_pip_y,thumb_raw_position_of_joint_pip_z,thumb_raw_position_of_joint_tip_x,thumb_raw_position_of_joint_tip_y,thumb_raw_position_of_joint_tip_z,thumb_position_of_joint_dip_x,thumb_position_of_joint_dip_y,thumb_position_of_joint_dip_z,thumb_position_of_joint_mcp_x,thumb_position_of_joint_mcp_y,thumb_position_of_joint_mcp_z,thumb_position_of_joint_pip_x,thumb_position_of_joint_pip_y,thumb_position_of_joint_pip_z,thumb_position_of_joint_tip_x,thumb_position_of_joint_tip_y,thumb_position_of_joint_tip_z,index_finger_id,index_finger_position_x,index_finger_position_y,index_finger_position_z,index_finger_stabilized_x,index_finger_stabilized_y,index_finger_stabilized_z,index_finger_velocity_x,index_finger_velocity_y,index_finger_velocity_z,index_finger_direction_x,index_finger_direction_y,index_finger_direction_z,index_finger_time,index_raw_position_of_joint_dip_x,index_raw_position_of_joint_dip_y,index_raw_position_of_joint_dip_z,index_raw_position_of_joint_mcp_x,index_raw_position_of_joint_mcp_y,index_raw_position_of_joint_mcp_z,index_raw_position_of_joint_pip_x,index_raw_position_of_joint_pip_y,index_raw_position_of_joint_pip_z,index_raw_position_of_joint_tip_x,index_raw_position_of_joint_tip_y,index_raw_position_of_joint_tip_z,index_position_of_joint_dip_x,index_position_of_joint_dip_y,index_position_of_joint_dip_z,index_position_of_joint_mcp_x,index_position_of_joint_mcp_y,index_position_of_joint_mcp_z,index_position_of_joint_pip_x,index_position_of_joint_pip_y,index_position_of_joint_pip_z,index_position_of_joint_tip_x,index_position_of_joint_tip_y,index_position_of_joint_tip_z,middle_finger_id,middle_finger_position_x,middle_finger_position_y,middle_finger_position_z,middle_finger_stabilized_x,middle_finger_stabilized_y,middle_finger_stabilized_z,middle_finger_velocity_x,middle_finger_velocity_y,middle_finger_velocity_z,middle_finger_direction_x,middle_finger_direction_y,middle_finger_direction_z,middle_finger_time,middle_raw_position_of_joint_dip_x,middle_raw_position_of_joint_dip_y,middle_raw_position_of_joint_dip_z,middle_raw_position_of_joint_mcp_x,middle_raw_position_of_joint_mcp_y,middle_raw_position_of_joint_mcp_z,middle_raw_position_of_joint_pip_x,middle_raw_position_of_joint_pip_y,middle_raw_position_of_joint_pip_z,middle_raw_position_of_joint_tip_x,middle_raw_position_of_joint_tip_y,middle_raw_position_of_joint_tip_z,middle_position_of_joint_dip_x,middle_position_of_joint_dip_y,middle_position_of_joint_dip_z,middle_position_of_joint_mcp_x,middle_position_of_joint_mcp_y,middle_position_of_joint_mcp_z,middle_position_of_joint_pip_x,middle_position_of_joint_pip_y,middle_position_of_joint_pip_z,middle_position_of_joint_tip_x,middle_position_of_joint_tip_y,middle_position_of_joint_tip_z,ring_finger_id,ring_finger_position_x,ring_finger_position_y,ring_finger_position_z,ring_finger_stabilized_x,ring_finger_stabilized_y,ring_finger_stabilized_z,ring_finger_velocity_x,ring_finger_velocity_y,ring_finger_velocity_z,ring_finger_direction_x,ring_finger_direction_y,ring_finger_direction_z,ring_finger_time,ring_raw_position_of_joint_dip_x,ring_raw_position_of_joint_dip_y,ring_raw_position_of_joint_dip_z,ring_raw_position_of_joint_mcp_x,ring_raw_position_of_joint_mcp_y,ring_raw_position_of_joint_mcp_z,ring_raw_position_of_joint_pip_x,ring_raw_position_of_joint_pip_y,ring_raw_position_of_joint_pip_z,ring_raw_position_of_joint_tip_x,ring_raw_position_of_joint_tip_y,ring_raw_position_of_joint_tip_z,ring_position_of_joint_dip_x,ring_position_of_joint_dip_y,ring_position_of_joint_dip_z,ring_position_of_joint_mcp_x,ring_position_of_joint_mcp_y,ring_position_of_joint_mcp_z,ring_position_of_joint_pip_x,ring_position_of_joint_pip_y,ring_position_of_joint_pip_z,ring_position_of_joint_tip_x,ring_position_of_joint_tip_y,ring_position_of_joint_tip_z,pinky_finger_id,pinky_finger_position_x,pinky_finger_position_y,pinky_finger_position_z,pinky_finger_stabilized_x,pinky_finger_stabilized_y,pinky_finger_stabilized_z,pinky_finger_velocity_x,pinky_finger_velocity_y,pinky_finger_velocity_z,pinky_finger_direction_x,pinky_finger_direction_y,pinky_finger_direction_z,pinky_finger_time,pinky_raw_position_of_joint_dip_x,pinky_raw_position_of_joint_dip_y,pinky_raw_position_of_joint_dip_z,pinky_raw_position_of_joint_mcp_x,pinky_raw_position_of_joint_mcp_y,pinky_raw_position_of_joint_mcp_z,pinky_raw_position_of_joint_pip_x,pinky_raw_position_of_joint_pip_y,pinky_raw_position_of_joint_pip_z,pinky_raw_position_of_joint_tip_x,pinky_raw_position_of_joint_tip_y,pinky_raw_position_of_joint_tip_z,pinky_position_of_joint_dip_x,pinky_position_of_joint_dip_y,pinky_position_of_joint_dip_z,pinky_position_of_joint_mcp_x,pinky_position_of_joint_mcp_y,pinky_position_of_joint_mcp_z,pinky_position_of_joint_pip_x,pinky_position_of_joint_pip_y,pinky_position_of_joint_pip_z,pinky_position_of_joint_tip_x,pinky_position_of_joint_tip_y,pinky_position_of_joint_tip_z
0,311,480.51892,255.94328,51.52718,479.8733,255.68224,50.95237,-131.65619,30.81008,-33.836666,10.70649,30.81008,-33.836666,10.70649,30.81008,-33.836666,0,1,0.0,0.0,3.443836,523.77277,170.35843,53.630188,83.37549,5,5,1,1,1,1,1,1,1,1,1,1,55.399963,539.9053,272.87857,43.25917,698.5872,390.39246,-3.5122147,3110,388.42972,233.77173,49.118237,387.67706,231.35773,48.960796,394.875,521.6018,56.45569,-0.4974689,-0.54051113,-0.6785075,3.443836,0.65016365,259.01614,15.811898,48.784218,215.35365,38.133335,15.39697,242.99341,35.925354,-7.4274926,268.771,-0.113711335,401.30032,240.98386,46.047024,497.56842,284.64636,40.466667,430.79395,257.0066,41.01866,385.14502,231.229,50.028427,3111,349.28067,197.2131,60.816704,348.5017,196.85995,60.488922,405.91528,494.5027,50.173916,-0.52716184,-0.7025187,-0.47808772,3.443836,-18.799637,295.89005,-36.85285,11.227506,253.56314,-10.18117,-7.7216325,281.127,-26.806112,-26.888624,305.8043,-44.398582,362.40073,204.10995,59.21321,422.45502,246.43686,52.54529,384.55673,218.87299,56.701527,346.22275,194.19571,61.099648,3112,369.9875,187.74045,64.06789,368.73138,186.13489,63.180717,406.49985,494.27338,50.08369,-0.5487452,-0.6906335,-0.47106695,3.443836,-7.442782,304.71548,-49.54502,27.773003,256.8804,-19.424122,6.1240697,287.64066,-37.898643,-16.86796,315.29816,-57.67602,385.11444,195.28452,62.386253,455.54602,243.1196,54.85603,412.24814,212.35934,59.474663,366.26407,184.70184,64.41901,3113,485.77582,199.47116,71.1344,484.16718,199.92703,71.14494,422.63104,479.05023,48.211826,-0.075042516,-0.54328454,-0.8361881,3.443836,44.900627,296.56894,-72.70027,46.72335,255.97755,-25.131142,46.70802,283.48398,-52.560764,42.593693,302.46893,-87.6585,489.80127,203.43106,68.175064,493.44672,244.02246,56.282784,493.41605,216.51602,63.14019,485.18738,197.53107,71.91463,3114,523.9374,213.92264,69.1425,521.83405,214.83655,69.23907,404.48718,485.66644,48.852463,-0.07751527,-0.54962814,-0.83180547,3.443836,63.91475,282.12466,-65.84701,63.906937,250.88231,-30.16391,65.232895,272.77826,-51.702183,61.12198,287.64642,-79.496025,527.8295,217.87534,66.461754,527.81384,249.1177,57.540977,530.4658,227.22174,62.925545,522.24396,212.35358,69.87401
1,311,519.1422,250.89676,49.11143,510.82117,249.27449,48.343906,-152.45059,29.795855,-16.631372,1.6076938,29.795855,-16.631372,1.6076938,29.795855,-16.631372,0,1,0.0,0.0,4.880953,458.8968,140.76749,43.39824,115.40331,5,5,1,1,1,1,1,1,1,1,1,1,55.399963,555.7141,269.5288,39.17186,674.61646,416.74722,-4.055584,3110,350.47125,277.25977,47.668304,348.68463,275.4563,47.3204,413.89343,507.68256,51.495556,-0.79763484,-0.019354999,-0.60283005,4.880953,-9.770272,221.13678,13.638024,54.389046,218.31813,46.905403,13.874556,220.56302,31.508121,-29.238932,222.34883,7.8472466,380.45944,278.86322,46.590492,508.77808,281.6819,38.27365,427.7491,279.43698,42.12297,341.52216,277.65118,48.03819,3111,384.22565,196.74411,60.888634,381.72516,193.70282,59.965126,401.77283,504.9637,50.70881,-0.60228944,-0.61030203,-0.5145667,4.880953,-1.3722098,296.59995,-37.005222,33.098953,258.95767,-8.771538,11.284556,283.77478,-26.1919,-10.526086,304.87585,-45.27432,397.25558,203.40005,59.251305,466.1979,241.04233,52.192886,422.56912,216.22522,56.547974,378.9478,195.12415,61.31858,3112,463.98602,178.74326,65.40184,464.61566,174.17899,64.10827,394.4692,503.01593,50.3512,-0.26445326,-0.7217176,-0.63967824,4.880953,34.839806,312.62546,-52.960518,51.650303,262.6065,-12.338517,41.377995,294.78214,-37.145493,30.242,323.66104,-64.09677,469.67963,187.37454,63.240128,503.3006,237.3935,53.08463,482.75598,205.21786,59.286373,460.484,176.33896,66.02419,3113,566.74915,184.01578,65.7367,563.2952,180.67398,64.903946,401.25403,500.3444,50.50976,0.15400349,-0.70963407,-0.6875336,4.880953,81.496506,308.13596,-53.402138,71.44504,261.86093,-12.001804,77.787346,291.0445,-36.84296,83.84688,318.9825,-65.2642,562.99304,191.86404,63.350533,542.8901,238.13907,53.00045,555.5747,208.9555,59.21074,567.6937,181.01749,66.31605,3114,642.693,208.13663,61.781998,643.3146,207.43549,61.53883,403.1904,502.3626,51.37433,0.5450471,-0.5801852,-0.6052345,4.880953,115.6224,285.90286,-39.11786,89.38827,256.9064,-11.758846,106.35389,276.03683,-28.825865,123.66165,293.9674,-48.86048,631.2448,214.09714,59.779465,578.77655,243.0936,52.939713,612.70776,223.96317,57.206467,647.3233,206.0326,62.21512
2,311,541.11694,242.37305,48.137726,540.3126,243.59052,48.97973,-175.92041,58.481476,-6.6339135,48.821503,58.481476,-6.6339135,48.821503,58.481476,-6.6339135,0,1,1.0,1.0,8.017391,490.99738,245.46083,56.243584,33.346233,0,0,0,0,0,0,0,0,0,0,0,0,55.399963,562.003,282.1322,42.156487,690.5012,409.80594,-4.397892,3110,456.36298,250.7367,57.183468,454.67212,250.98569,57.179344,413.08102,496.32965,49.85507,-0.30682924,-0.3851385,-0.87035865,8.017391,20.689049,250.44238,-14.663296,55.278202,216.80937,38.341408,29.784595,239.02545,11.137332,29.524391,248.74606,-32.914055,441.3781,249.55762,53.665825,510.5564,283.1906,40.41465,459.56918,260.97455,47.215668,459.04877,251.25394,58.228516,3111,448.34622,238.4017,56.439365,447.51913,238.78967,56.509853,394.75104,421.7475,51.63983,-0.3065318,0.8480592,-0.43224287,8.017391,21.334255,274.18076,-27.864473,51.916283,282.16278,7.9705076,27.775846,292.00223,-18.781137,24.413559,259.81088,-25.699604,442.66852,225.81924,56.966118,503.83258,217.83722,48.007374,455.5517,207.99777,54.695286,448.82712,240.18912,56.4249,3112,465.75513,240.9715,59.16741,464.28778,241.85977,59.19065,453.02194,414.05658,55.806328,-0.5528868,0.7727138,-0.3118165,8.017391,34.453735,272.45663,-41.662758,69.04125,278.58646,-0.03792994,48.12298,291.56076,-33.95359,32.481873,257.1804,-36.21407,468.90747,227.54337,60.415688,538.0825,221.41354,50.009483,496.24597,208.43924,58.488396,464.96375,242.81961,59.053516,3113,498.45297,262.93533,57.00042,497.99252,263.23108,56.977707,420.7723,493.61197,48.65761,-0.48143953,0.87264127,0.08193384,8.017391,50.04213,246.80423,-35.051174,85.38221,269.31018,-6.31682,61.63755,267.82172,-37.02454,49.31243,233.88594,-25.229483,500.08426,253.19577,58.762794,570.7644,230.68982,51.579205,523.2751,232.17828,59.256134,498.62488,266.11407,56.307373,3114,529.356,262.05585,56.55887,527.6119,262.10236,56.827553,420.07733,498.15167,48.039917,-0.68418545,0.6948351,0.22157268,8.017391,67.615555,245.22682,-34.024483,97.94545,257.5348,-13.392933,79.250114,257.04248,-37.79232,64.00155,235.63055,-23.09582,535.2311,254.77318,58.50612,595.89087,242.46521,53.348232,558.50024,242.95752,59.448082,528.0031,264.36945,55.773956
3,311,441.4951,275.9894,56.819088,448.74365,278.29218,55.367397,-144.03911,37.111156,-28.762974,14.824676,37.111156,-28.762974,14.824676,37.111156,-28.762974,0,1,0.0,0.70520586,32.331993,360.56244,262.47818,59.17811,57.568333,2,2,0,1,1,0,0,0,1,1,0,0,55.399963,492.58948,298.52795,48.52148,655.83704,416.18842,2.0194168,3110,427.85474,297.25433,67.26666,430.9466,294.0578,67.006516,484.04382,534.5248,49.311073,-0.018333409,-0.09889394,-0.9949291,32.331993,8.99364,203.59895,-54.860813,23.380009,190.9447,14.599821,9.537109,200.66737,-25.36746,17.036219,201.76907,-73.461876,417.98727,296.40106,63.715202,446.76,309.0553,46.350044,419.07422,299.33264,56.341866,434.07245,298.23093,68.36547,3111,297.441,220.61465,66.197624,298.38666,223.24817,66.33996,418.0649,465.9251,48.75005,-0.63706285,-0.60319024,-0.47990876,32.331993,-43.194363,273.8567,-58.77851,-6.9103856,236.64992,-32.286083,-29.80685,261.181,-48.693504,-52.93485,282.07254,-66.412964,313.61127,226.14331,64.694626,386.17923,263.3501,58.07152,340.3863,238.819,62.173378,294.1303,217.92746,66.60324,3112,396.19302,211.0062,75.04086,397.57285,212.84695,74.6278,394.27008,490.65967,51.723427,-0.15554339,-0.6203366,-0.76875794,32.331993,1.1296208,282.58737,-89.67125,10.491166,239.09146,-40.122837,4.9751835,267.25052,-70.66493,-1.7493229,291.9306,-102.76153,402.25925,217.41263,72.417816,420.98233,260.90854,60.03071,409.95038,232.74948,67.66623,396.50134,208.0694,75.690384,3113,433.8709,320.89972,60.04151,443.10156,320.8747,60.596203,360.5589,494.9635,46.771152,0.013763372,0.8512942,0.52450806,32.331993,14.308275,185.62381,-50.000664,29.636057,236.81042,-44.68035,13.976786,206.12714,-62.63339,18.009045,177.14648,-36.647026,428.61655,314.3762,62.500164,459.27213,263.18958,61.17009,427.95358,293.87286,65.65835,436.0181,322.85352,59.16176,3114,458.62274,311.75064,61.408676,472.5999,310.16138,60.91742,355.5708,499.87408,49.93675,-0.11761941,0.8516515,0.51074004,32.331993,27.663895,194.68314,-54.657585,46.589085,230.4899,-49.063446,29.664011,209.16544,-63.342705,30.10228,186.17827,-42.56186,455.3278,305.31686,63.6644,493.17816,269.5101,62.26586,459.328,290.83456,65.83568,460.20456,313.82172,60.640465
4,311,488.63965,240.14459,45.348602,493.22778,242.91312,45.721325,-156.9319,70.86637,-50.83226,48.018524,70.86637,-50.83226,48.018524,70.86637,-50.83226,0,1,0.24791394,0.7778314,36.11022,391.13873,256.57877,52.40474,54.589355,0,5,0,0,0,0,0,1,1,1,1,1,55.399963,537.7765,278.81992,42.158165,691.4971,429.68958,1.5100212,3110,408.69067,239.63855,54.846817,406.56094,243.3787,52.831997,420.7822,488.91238,53.51288,-0.4320331,-0.5476187,-0.7165621,36.11022,10.305914,252.60667,-7.14141,46.085194,211.5046,41.254627,23.112963,236.37325,14.100123,2.666473,263.3802,-22.620466,420.61182,247.39334,51.78535,492.17038,288.49542,39.686344,446.22592,263.62677,46.474968,405.33295,236.61981,55.655117,3111,359.93698,224.64871,54.726715,360.74414,225.37814,52.129612,376.52237,495.74564,60.65782,-0.5692145,0.3512656,-0.7433756,36.11022,-16.78576,283.2709,-12.614672,20.485779,277.4517,27.097933,-4.8240433,290.65256,3.00694,-21.64012,272.3385,-21.422606,366.42847,216.7291,53.153667,440.97156,222.54831,43.225517,390.35193,209.34744,49.248264,356.71976,227.6615,55.35565,3112,366.92743,214.70355,58.48592,368.7425,222.54709,56.102318,406.4667,478.27548,56.585045,-0.7102644,0.16715303,-0.6838014,36.11022,-9.572909,292.71036,-27.003593,36.12009,280.47336,16.298498,7.9872465,296.84293,-10.0976925,-19.532547,284.21115,-36.776485,380.8542,207.28964,56.750896,472.24017,219.52664,45.925377,415.9745,203.15707,52.52442,360.9349,215.78885,59.194122,3113,414.61356,221.12842,61.966072,412.42685,216.10834,61.78679,404.15396,555.42084,46.567833,-0.67431545,0.2325178,-0.70088094,36.11022,14.774277,284.03104,-40.72419,52.791603,277.59756,5.9887257,31.015097,289.6312,-23.843544,4.4430523,275.0451,-49.464863,429.54855,215.96896,60.181046,505.5832,222.40244,48.50282,462.0302,210.3688,55.960884,408.8861,224.9549,62.366215,3114,467.5751,222.31537,62.463875,465.63284,219.30301,62.81838,397.79022,523.26105,44.69414,-0.68018377,0.090876214,-0.7273868,36.11022,41.81601,280.4994,-43.285492,66.36715,271.42432,-5.15404,53.382515,282.04474,-30.9163,30.54125,274.92957,-51.436676,483.63202,219.50061,60.821373,532.7343,228.57568,51.28851,506.765,217.95526,57.729076,461.0825,225.07043,62.85917
0,311,465.47302,287.50433,55.580544,466.34644,289.5744,54.523384,-137.7262,33.98908,-31.505789,5.864801,33.98908,-31.505789,5.864801,33.98908,-31.505789,0,1,0.0,0.0,38.659184,516.7949,190.60126,54.747948,95.045074,5,5,1,1,1,1,1,1,1,1,1,1,55.399963,520.4303,306.5775,47.127037,690.72107,420.62415,0.45723343,3110,368.21298,269.65146,53.718845,365.34885,273.83524,55.303535,405.66733,501.85934,49.14465,-0.47330734,-0.577082,-0.66554976,38.659184,-10.146393,222.58502,-2.387221,38.75358,179.72392,19.435532,3.8841763,205.4782,17.342121,-17.430979,233.38943,-18.015097,379.7072,277.41498,50.596806,477.50714,320.27606,45.141117,407.76834,294.5218,45.66447,365.13803,266.61057,54.503773,3111,335.6162,230.9766,65.89168,335.55554,229.82626,65.94055,397.9834,497.1228,47.496475,-0.523005,-0.67289746,-0.5231393,38.659184,-25.92267,262.8152,-56.166004,3.7409487,221.20575,-28.08433,-14.932019,248.67462,-45.17253,-33.94988,271.8688,-64.78331,348.15466,237.18481,64.041504,407.4819,278.79425,57.021084,370.13596,251.32538,61.293133,332.10025,228.1312,66.19583,3112,359.34238,215.77182,67.417534,359.51337,214.82645,67.40178,404.60672,497.44968,48.662247,-0.52594995,-0.7268275,-0.4416995,38.659184,-12.939159,276.37357,-63.10025,20.849344,226.12166,-35.386826,0.06411536,258.40393,-52.179935,-21.957563,287.5319,-70.91692,374.12167,223.62643,65.77506,441.6987,273.87836,58.846706,400.12823,241.59607,63.044983,356.08487,212.46811,67.72923,3113,477.46664,225.89886,74.40536,476.8863,225.35898,74.46006,403.28543,488.19455,47.32121,-0.028948331,-0.60356873,-0.7967853,38.659184,39.439716,267.65842,-86.93322,40.248077,226.57306,-39.3851,40.136936,253.12154,-67.74273,38.590137,276.18988,-100.73078,478.87943,232.34158,71.73331,480.49615,273.42694,59.846275,480.27386,246.87848,66.935684,477.18027,223.81012,75.18269,3114,517.47925,239.34308,72.13774,517.19885,239.0221,72.2525,400.84247,494.29712,48.730972,-5.352605E-4,-0.617952,-0.78621566,38.659184,59.35107,254.47841,-78.838936,58.035892,222.71756,-43.295925,59.360172,243.97015,-65.46936,58.75496,262.6587,-91.38136,518.70215,245.5216,69.70973,516.0718,277.28244,60.823982,518.72034,256.02985,66.36734,517.5099,237.34131,72.84534
1,311,505.26376,281.66138,53.364876,495.7937,283.9897,53.335373,-148.13533,21.605673,-13.829847,1.4350406,21.605673,-13.829847,1.4350406,21.605673,-13.829847,0,1,0.0,0.0,40.58444,456.54083,162.50983,51.381104,120.19819,5,5,1,1,1,1,1,1,1,1,1,1,55.399963,539.3058,294.61786,42.744537,686.97656,433.6251,-0.7948227,3110,328.83,299.79755,49.899643,329.0479,300.70654,49.62197,395.1565,497.31805,50.1232,-0.9106445,-0.05405798,-0.4096394,40.58444,-20.351843,197.9072,3.2457867,45.94354,194.08418,33.666775,6.643005,196.30472,15.389004,-40.25404,200.08766,-0.3845093,359.29633,302.0928,49.188553,491.8871,305.91583,41.583305,413.286,303.69528,46.15275,319.4919,299.91235,50.096127,3111,377.34167,232.32553,67.333046,367.33414,228.26065,65.27689,406.06323,489.6269,50.560284,-0.5511365,-0.5667335,-0.6124229,40.58444,-4.9158697,261.73694,-62.02329,26.613922,226.58665,-27.77196,6.6659474,249.82736,-49.153576,-13.303095,269.34906,-71.63434,390.16827,238.26306,65.50582,453.22784,273.41333,56.94299,413.3319,250.17264,62.288395,373.3938,230.65094,67.908585,3112,457.96054,219.5907,72.40129,457.67603,220.29639,72.208115,401.15067,492.80432,50.351547,-0.21375047,-0.62655586,-0.74949217,40.58444,31.794495,273.42422,-79.531235,45.296406,229.51698,-31.317072,37.079136,257.93362,-61.001236,28.050186,282.84146,-92.34669,463.589,226.57578,69.88281,490.5928,270.48303,57.82927,474.15826,242.06638,65.250305,456.10037,217.15854,73.08667,3113,561.3416,227.73282,72.42123,560.9918,228.14926,72.262024,402.14044,497.46887,50.902164,0.20210066,-0.5598683,-0.8035564,40.58444,78.1756,266.27347,-78.98597,65.06465,228.64157,-30.341913,73.30803,252.7891,-59.632393,81.286125,274.37753,-92.71657,556.3512,233.72653,69.74649,530.1293,271.35843,57.58548,546.6161,247.21092,64.9081,562.57227,225.62247,73.17914,3114,633.0016,248.66354,67.22644,633.0786,248.13261,67.02318,403.84793,501.15292,50.891045,0.56684935,-0.44872448,-0.6908894,40.58444,110.2843,247.05524,-60.17869,82.92932,223.6042,-28.912107,100.64504,239.42468,-48.430138,118.591866,252.8231,-71.23766,620.5686,252.94476,65.04467,565.85864,276.3958,57.228027,601.2901,260.57532,62.107536,637.1837,247.17688,67.80942
2,311,500.32535,259.93445,48.499996,503.64017,262.47678,48.174538,-169.42735,68.875565,-25.785332,58.02675,68.875565,-25.785332,58.02675,68.875565,-25.785332,0,1,1.0,1.0,44.00116,444.85907,259.50482,56.14845,32.37218,0,0,0,0,0,0,0,0,0,0,0,0,55.399963,531.2627,302.29718,44.72204,685.3113,427.83356,-0.97626877,3110,426.66394,271.9994,57.34262,426.29114,270.94675,57.139595,390.74228,495.82858,50.377922,-0.15870926,-0.36050114,-0.9191574,44.00116,6.4223895,228.30055,-16.266912,41.256905,193.82114,31.219774,11.127115,217.61397,10.980289,16.237894,227.61261,-34.077404,412.8448,271.69946,54.066727,482.5138,306.17886,42.195057,422.25424,282.38605,47.25493,432.4758,272.3874,58.519352,3111,411.25348,256.91785,53.770153,416.14075,256.8406,54.309868,415.14532,504.60925,47.814816,-0.1477567,0.92843527,-0.34084585,44.00116,0.6142375,252.77826,-17.899023,30.773558,262.89926,13.245462,3.7192595,272.2888,-10.736343,7.4547195,240.17363,-14.026934,401.2285,247.22174,54.474754,461.54712,237.10074,46.688633,407.4385,227.71121,52.684086,414.90942,259.82635,53.506733,3112,423.23755,259.17957,56.436012,429.45734,259.33725,56.65238,393.49377,496.89893,49.295784,-0.40883434,0.8929039,-0.18861873,44.00116,8.8884735,252.63162,-30.857998,46.693027,261.82162,2.4937608,18.996252,274.70724,-26.1947,12.415901,238.04544,-24.397346,417.77695,247.36836,57.7145,493.38605,238.17838,49.37656,437.9925,225.29276,56.548676,424.8318,261.95456,56.099335,3113,456.45038,263.4621,57.832993,461.69482,262.62637,57.98281,388.20547,500.94498,49.7625,-0.49278697,0.8643786,-0.10005361,44.00116,26.393272,247.15776,-37.348778,62.32873,254.7986,-7.4411626,38.261997,267.97623,-34.938995,28.998127,233.29295,-29.295074,452.78656,252.84224,59.337196,524.6575,245.20142,51.86029,476.524,232.02377,58.73475,457.99625,266.70703,57.32377,3114,491.29523,265.58997,58.15574,497.61188,265.92902,58.005745,393.71735,497.5706,49.867382,-0.6092612,0.7929588,-0.0041360618,44.00116,44.807354,244.41402,-38.65303,74.21999,245.19682,-18.06987,55.167824,257.89825,-38.582695,46.35538,231.80966,-30.695728,489.61472,255.58598,59.663258,548.44,254.80318,54.517467,510.33563,242.10175,59.645676,492.71075,268.19034,57.67393
3,311,504.27777,249.46284,52.499775,509.09506,248.4043,51.48268,-137.76299,28.97787,-26.693762,6.7636514,28.97787,-26.693762,6.7636514,28.97787,-26.693762,0,1,0.0,0.44638264,48.095776,435.32745,235.73358,56.158962,55.32344,2,2,0,1,1,0,0,0,1,1,0,0,55.399963,554.9303,266.32043,43.359715,720.9343,393.71606,-1.3522339,3110,450.69193,292.45743,59.917397,446.8263,292.28748,60.17414,393.93332,493.14066,48.557613,-0.16776149,0.18661746,-0.9680031,48.095776,20.633158,209.78592,-24.990648,55.134247,221.69135,34.865643,25.606226,215.31795,3.7045205,26.749632,206.25014,-44.07252,441.26633,290.21408,56.24766,510.2685,278.30865,41.28359,451.21246,284.68207,49.07387,453.49927,293.74988,61.01813,3111,356.54834,202.55573,63.632984,354.41043,203.25177,63.837223,426.16357,479.61557,47.69092,-0.6576246,-0.52323294,-0.5419937,48.095776,-13.653651,293.2196,-47.452034,23.794321,259.8328,-17.74426,0.16595227,282.22418,-36.062347,-23.682537,299.90686,-56.133293,372.6927,206.7804,61.863007,447.58865,240.1672,54.436066,400.3319,217.77582,59.015587,352.63492,200.09314,64.033325,3112,453.02643,192.30325,72.077194,457.87943,192.00372,72.48873,401.7852,499.72467,48.7175,-0.2053375,-0.52617383,-0.8252137,48.095776,28.884151,302.32956,-77.192024,41.36424,263.32507,-24.765078,33.960796,289.32077,-56.789932,25.14645,309.4448,-91.416756,457.7683,197.67044,69.298004,482.7285,236.67493,56.19127,467.9216,210.67923,64.19749,450.2929,190.5552,72.85419,3113,513.9121,288.03043,53.733894,512.5071,287.29388,53.722004,392.8345,499.74005,48.860725,0.15662529,0.6630562,0.7320007,48.095776,52.902687,213.39748,-26.667454,60.89896,262.59955,-27.985205,49.130383,229.36713,-44.297615,58.166275,211.25478,-11.449574,505.80536,286.60254,56.666862,521.7979,237.40045,56.9963,498.26077,270.63287,61.0744,516.3326,288.74524,52.862392,3114,538.41187,279.81982,55.27842,538.00024,279.67767,55.208347,391.54584,502.01138,49.56602,0.05175399,0.6828991,0.7286771,48.095776,65.55727,222.13199,-31.739326,78.63032,257.6646,-30.78003,64.67719,233.74466,-44.13046,70.2541,219.41779,-17.769436,531.1145,277.868,57.93483,557.2606,242.33539,57.695007,529.3544,266.25534,61.032616,540.5082,280.5822,54.44236
4,311,499.55823,237.95868,46.949135,500.54636,240.25504,47.471428,-157.93126,72.67305,-52.42093,40.2017,72.67305,-52.42093,40.2017,72.67305,-52.42093,0,1,0.5580928,0.83412564,54.495445,450.79727,247.73714,58.29568,46.43317,1,5,0,0,0,0,1,1,1,1,1,1,55.399963,547.5156,276.83737,43.63515,733.5431,400.57678,-0.4829483,3110,430.54794,235.08633,56.04606,425.99176,244.7233,54.01415,402.27216,499.9923,50.372227,-0.17108841,-0.5984436,-0.7826838,54.495445,15.962781,256.0884,-11.535723,50.1153,211.47548,29.433687,21.03447,238.34836,11.665902,15.436602,267.36044,-28.467817,431.92557,243.91159,52.88393,500.2306,288.52454,42.64158,442.06894,261.65164,47.083523,430.8732,232.63956,57.116955,3111,387.7811,222.23944,58.59191,381.83786,216.57379,58.04998,405.46594,503.67273,49.65313,-0.3589589,0.35527718,-0.8630913,54.495445,-5.2401476,286.04944,-26.743233,23.676634,277.5365,17.529861,2.3031678,293.51538,-8.605865,-6.165681,274.58447,-36.14323,389.5197,213.95056,56.685806,447.35327,222.4635,45.617535,404.60632,206.48462,52.151466,387.66864,225.41553,59.03581,3112,404.88336,213.34708,61.553963,403.55618,208.24622,61.74343,405.35983,513.49207,49.101624,-0.5024944,0.30154276,-0.81029093,54.495445,5.9503536,295.39374,-38.371387,40.90491,282.4379,10.504719,18.373728,302.8489,-18.338234,1.3054912,283.0206,-47.977173,411.9007,204.60626,59.592846,481.8098,217.5621,47.37382,436.74747,197.1511,54.584557,402.611,216.9794,61.994293,3113,444.04953,222.64096,64.91701,438.993,222.2544,65.59458,403.07544,503.91245,50.02908,-0.513602,0.20844972,-0.8323231,54.495445,28.197247,282.0371,-50.010395,59.42493,281.47214,3.5349948,40.5673,287.0576,-29.963978,20.071297,275.48343,-62.456226,456.3945,217.96289,62.502598,518.84985,218.52786,49.116253,481.13458,212.94241,57.490993,440.14258,224.51657,65.61406,3114,498.6727,216.44418,64.205475,502.00763,213.6734,65.53062,399.07895,501.64743,49.726856,-0.49976936,0.004524333,-0.8661467,54.495445,55.627346,285.2865,-47.412327,75.28791,277.20682,-5.225065,64.12591,285.36343,-32.683525,47.218887,282.73407,-59.551846,511.2547,214.7135,61.85308,550.5758,222.79318,51.306267,528.25183,214.63657,58.170883,494.43777,217.26593,64.88796
0,311,498.2037,254.2716,53.045986,512.0418,245.19548,50.230446,-145.05452,43.28585,-33.352146,16.667505,43.28585,-33.352146,16.667505,43.28585,-33.352146,0,1,0.0,0.0,56.863457,577.8396,141.33908,47.452576,117.25631,4,5,0,1,1,1,1,1,1,1,1,1,55.399963,552.0756,279.7253,45.592743,720.4322,401.111,-0.017719269,3110,398.82886,240.7692,53.57867,403.53683,236.92715,53.50648,385.64267,496.97498,53.488388,-0.47553697,-0.55392325,-0.6833986,56.863457,6.0139227,251.6348,-2.1058724,53.540524,208.6912,26.057941,20.110586,235.21448,18.152573,-2.2734578,262.30972,-17.317577,412.02783,248.36519,50.526466,507.08105,291.3088,43.485516,440.22116,264.78552,45.461857,395.4531,237.69028,54.329395,3111,373.29694,189.32825,61.35838,375.27887,191.06598,61.67369,386.43002,488.22214,49.06232,-0.5028556,-0.7408167,-0.44533896,56.863457,-7.1568265,303.47055,-38.910805,21.187386,258.5069,-14.886332,3.4103956,287.9027,-29.552261,-14.95459,313.79617,-46.207294,385.68634,196.52945,59.7277,442.37476,241.4931,53.721584,406.8208,212.09729,57.388065,370.09082,186.20383,61.551823,3112,393.40192,178.26251,63.415443,396.597,181.38437,64.40774,415.71786,484.19955,50.643112,-0.5370848,-0.74558413,-0.39451763,56.863457,4.2533984,313.71838,-47.386585,38.263905,261.90173,-23.075186,17.531965,295.285,-37.632767,-5.101511,325.07065,-54.49655,408.5068,186.28162,61.846645,476.5278,238.09827,55.768795,435.06393,204.715,59.40819,389.79697,174.92935,63.624138,3113,511.58777,190.8613,71.38895,523.7723,186.87189,69.645966,393.50873,501.6308,52.942665,-0.037628353,-0.6192834,-0.7842654,56.863457,56.856613,302.85522,-74.70801,57.238945,260.2902,-28.538841,57.762886,287.93985,-55.819057,55.51322,311.4215,-88.444626,513.71326,197.14478,68.677,514.4779,239.70981,57.134712,515.52576,212.06015,63.954765,511.02643,188.57849,72.11116,3114,546.9496,206.18082,69.54983,550.23126,206.26486,69.46492,382.8614,496.35666,51.21022,-0.040039506,-0.6390732,-0.76810306,56.863457,74.44855,287.7466,-68.388756,74.05847,254.61859,-34.151558,75.12942,276.87918,-55.327187,72.86382,296.04178,-80.76872,548.8971,212.25339,67.09719,548.11694,245.38141,58.537888,550.25885,223.12082,63.8318,545.72766,203.95822,70.192184
1,311,514.0845,268.87537,53.037785,511.00784,264.97986,52.74576,-139.50154,24.441654,-21.214022,-1.2606798,24.441654,-21.214022,-1.2606798,24.441654,-21.214022,0,1,0.0,0.0,58.698345,444.33334,158.5304,49.12625,115.54457,5,5,1,1,1,1,1,1,1,1,1,1,55.399963,557.71423,282.7426,43.05636,713.6638,418.21655,-0.72737503,3110,348.72217,299.14435,49.038265,349.1098,299.24734,49.10775,390.28662,503.8317,49.81009,-0.84342766,0.06594467,-0.5331802,58.698345,-10.188448,200.74358,6.4538007,56.67157,203.68373,33.682888,14.813848,202.69841,22.25922,-30.19073,200.53607,2.7259889,379.6231,299.2564,48.38655,513.34314,296.31628,41.579277,429.6277,297.30157,44.435196,339.61853,299.46393,49.318504,3111,366.33316,223.1987,64.60995,365.93732,224.96753,64.82886,399.8459,480.56778,48.123634,-0.66642326,-0.5434542,-0.51042885,58.698345,-8.995152,271.75897,-51.769806,29.24394,237.88881,-23.610224,5.0093493,260.33862,-41.043438,-19.089512,278.99344,-59.9202,382.0097,228.24103,62.94245,458.48788,262.1112,55.902557,410.0187,239.66138,60.26086,361.82098,221.00656,64.98005,3112,438.85617,205.73245,70.39708,438.95532,206.26855,70.391594,399.78668,487.58658,49.41455,-0.3571486,-0.6358912,-0.684169,58.698345,24.178886,287.19687,-72.338,47.224384,242.63855,-28.54311,33.008816,271.47546,-55.423008,18.095821,296.74362,-84.11915,448.3578,212.80313,68.0845,494.44876,257.36145,57.135777,466.01764,228.52454,63.85575,436.19165,203.25638,71.029785,3113,541.2258,207.38141,71.560455,538.848,202.17569,70.8336,385.30444,493.34238,50.328495,0.045092665,-0.6425259,-0.764936,58.698345,70.1846,285.68735,-75.81273,67.00454,243.43573,-29.324654,69.09855,270.2122,-57.389324,70.780396,295.37503,-88.83863,540.3692,214.31265,68.953186,534.0091,256.56427,57.33116,538.1971,229.78781,64.34733,541.5608,204.62497,72.209656,3114,624.81445,226.77686,67.58492,626.2187,226.73685,67.42024,391.89383,494.90387,50.564133,0.46399724,-0.55286413,-0.69213283,58.698345,107.64756,267.87363,-61.29563,85.27696,239.90141,-29.763992,99.7573,258.4722,-49.525936,114.46966,275.39835,-72.31482,615.2951,232.12637,65.323906,570.55396,260.09857,57.440998,599.5146,241.5278,62.381485,628.93933,224.60165,68.078705
2,311,499.80188,260.02228,48.44852,490.54495,260.73145,48.670135,-157.72215,68.46364,-46.070843,59.734665,68.46364,-46.070843,59.734665,68.46364,-46.070843,0,1,1.0,1.0,61.12974,428.0672,264.02325,51.711502,29.4295,0,1,0,0,0,0,0,1,0,0,0,0,55.399963,545.5417,300.05756,45.528835,711.4756,412.11194,-1.6846428,3110,397.579,274.73218,55.111916,399.64597,274.38583,55.751232,356.03836,512.6205,40.01817,-0.57915044,-0.28512776,-0.76373225,61.12974,3.6093442,223.27202,-5.7939615,54.58368,196.6577,37.11457,20.77749,214.81978,16.84587,-4.1776276,226.59134,-24.297367,407.2187,276.72797,51.44849,509.16736,303.3423,40.72136,441.555,285.18024,45.788532,391.64474,273.40866,56.07434,3111,406.45343,270.58868,48.46892,406.15106,273.16113,48.681896,387.2374,485.312,47.87803,-0.17004031,0.98451585,0.04260123,61.12974,-2.904532,239.45868,1.5282509,33.430706,263.027,18.341507,0.6687677,260.1477,0.6330104,3.7983346,227.34535,6.913529,394.19095,260.54132,49.61794,466.86142,236.97299,45.414623,401.33752,239.8523,49.841747,407.59668,272.65466,48.271618,3112,409.40924,274.97864,51.04073,408.98575,277.06696,51.28973,426.8292,515.2845,43.70164,-0.2375696,0.9641942,0.11785705,61.12974,-1.4458803,236.00246,-8.702472,43.925495,261.1182,2.3288338,4.4276495,259.84064,-11.6163,5.715521,222.36725,-3.2494636,397.10825,263.99756,52.175617,487.85098,238.8818,49.417793,408.8553,240.15936,52.904076,411.43103,277.63275,50.812366,3113,430.16504,279.1184,53.629314,429.85394,279.13968,53.885418,396.14835,506.51862,46.476788,-0.35459477,0.9038873,0.2392704,61.12974,10.317301,231.89998,-21.073368,54.866653,253.38802,-12.266924,18.85768,253.67,-26.836172,15.507749,218.57582,-13.365804,420.6346,268.10004,55.26834,509.7333,246.61198,53.06673,437.71536,246.32999,56.70904,431.0155,281.4242,53.34145,3114,460.77753,278.66214,55.38993,460.6658,278.56543,55.520576,379.77408,513.70575,48.906536,-0.40288484,0.82723093,0.39162835,61.12974,26.288235,230.86934,-28.742357,62.26659,242.93207,-25.775425,33.139282,244.93639,-35.401985,30.611341,219.2294,-20.351433,452.57648,269.13068,57.18559,524.5332,257.06793,56.443855,466.27856,255.06361,58.850494,461.2227,280.7706,55.08786
3,311,515.5009,269.27795,56.08758,515.42316,269.5227,56.530006,-125.17728,30.234777,-39.587524,2.4023135,30.234777,-39.587524,2.4023135,30.234777,-39.587524,0,1,0.0,0.6612034,68.993576,452.7557,258.93707,59.296898,53.314384,2,2,0,1,1,0,0,0,1,1,0,0,55.399963,581.1354,283.54352,48.25427,773.1113,361.02472,-1.6759758,3110,523.55554,309.24765,64.93888,526.0835,309.7097,65.31703,422.4403,518.9288,45.09427,0.093022354,0.0900321,-0.99158514,68.993576,51.82886,190.38748,-47.99496,71.8049,200.72882,17.563591,49.07134,193.05637,-18.600733,65.26068,191.01659,-63.26655,503.6577,309.61252,61.99874,543.6098,299.27118,45.6091,498.14267,306.94363,54.650185,530.52136,308.9834,65.816635,3111,337.06097,238.70734,63.480183,336.82,239.85718,64.15427,414.6762,527.30225,48.045776,-0.85357404,-0.32689717,-0.40564716,68.993576,-21.623022,258.6494,-48.74457,27.490484,235.75856,-27.313051,-3.6856537,251.77985,-40.22013,-34.399487,262.1057,-55.48831,356.75397,241.35059,62.186142,454.98096,264.24146,56.828262,392.6287,248.22014,60.05503,331.20102,237.89429,63.872078,3112,435.90442,210.28519,73.62474,435.05032,209.96378,74.050865,414.44913,523.48486,47.03032,-0.32470796,-0.57153636,-0.7535987,68.993576,22.244022,283.72256,-84.261986,43.06806,242.29556,-36.521545,30.27191,269.59225,-65.630455,16.698444,291.7924,-97.34114,444.48804,216.27744,71.0655,486.1361,257.70444,59.130386,460.54382,230.40775,66.407616,433.39688,208.20761,74.33528,3113,538.8253,301.4099,57.24337,536.06445,304.81927,57.981873,417.05212,517.05896,45.52758,0.4129547,0.51809967,0.7490268,68.993576,63.516296,197.55968,-39.750755,61.773483,244.81216,-42.544407,53.570324,210.03806,-57.790993,71.28272,199.14407,-25.571451,527.0326,302.4403,59.93769,523.547,255.18784,60.6361,507.14066,289.96194,64.44775,542.5654,300.85593,56.392864,3114,558.47504,292.36557,59.333076,555.4036,295.1942,59.90518,420.81323,516.3224,43.788517,0.33425006,0.56795615,0.75213206,68.993576,73.53473,207.24873,-47.099243,79.41152,242.87242,-48.17492,67.850815,216.90681,-59.88923,81.142296,207.77454,-34.198334,547.06946,292.75128,61.77481,558.82306,257.12756,62.04373,535.70166,283.0932,64.972305,562.2846,292.22546,58.549583
4,311,490.10724,231.92465,48.254967,504.06918,236.60367,47.795486,-152.55692,65.54575,-48.790955,51.862965,65.54575,-48.790955,51.862965,65.54575,-48.790955,0,1,0.26688725,1.0,74.11861,377.26917,243.50867,48.78017,53.573536,1,5,1,0,0,0,0,1,1,1,1,1,55.399963,542.9453,269.0444,44.841675,750.5118,387.1739,1.2670517,3110,395.51132,220.72763,50.36456,401.47052,224.22668,50.391327,391.88876,506.4784,50.207943,-0.6387475,-0.6349838,-0.43450806,74.11861,8.88453,268.17944,-1.2189288,52.308186,225.44261,38.344402,27.819353,249.35619,11.661487,-5.336975,282.73206,-1.2416826,417.76907,231.82056,50.304733,504.61636,274.55737,40.4139,455.6387,250.64381,47.08463,389.32605,217.26794,50.31042,3111,370.04477,227.81348,52.096077,365.05048,225.08282,53.829502,396.2104,493.9417,49.588135,-0.54202926,0.7806315,-0.31115714,74.11861,-15.377494,283.82343,-9.500321,25.051897,288.95334,17.650297,-3.98706,300.22797,-2.961532,-14.301056,269.12054,-7.6757946,369.24503,216.17657,52.37508,450.1038,211.04666,45.587425,392.02588,199.77203,50.740383,371.3979,230.87946,51.91895,3112,373.8235,229.32028,55.1436,369.66135,227.22006,55.60125,399.4149,492.91962,49.54452,-0.6453601,0.7440542,-0.17289796,74.11861,-12.39894,283.36084,-23.21813,36.956562,288.3838,2.545846,3.55656,301.7564,-18.943504,-12.644364,267.4516,-19.506506,375.20212,216.63916,55.80453,473.91312,211.61621,49.363537,407.11313,198.24359,54.735878,374.71127,232.5484,54.876625,3113,380.97305,220.5993,62.37339,393.46298,221.19101,62.36091,408.29803,496.35168,51.19428,-0.8603044,0.23795216,-0.45083815,74.11861,0.86165476,286.7546,-46.44229,49.87595,282.07858,-11.086272,21.582,292.48566,-35.583897,-12.163004,277.93637,-50.501476,401.7233,213.24539,61.610573,499.7519,217.92142,52.77157,443.164,207.51434,58.895973,375.67398,222.06363,62.62537,3114,428.75162,233.25919,63.84027,440.75348,229.73785,63.51004,409.29633,506.52365,50.9567,-0.8709071,0.2619895,-0.41579115,74.11861,24.720093,272.41132,-53.94656,59.52459,272.64285,-23.909555,39.529842,276.86646,-46.87604,11.726518,265.17545,-55.78884,449.4402,227.58868,63.48664,519.0492,227.35715,55.97739,479.0597,223.13354,61.71901,423.45303,234.82455,63.94721
0,311,477.3213,275.2541,57.278046,480.82037,277.2135,57.016506,-149.09172,45.392624,-31.255466,6.27389,45.392624,-31.255466,6.27389,45.392624,-31.255466,0,1,0.0,0.0,76.86643,539.656,178.07333,50.4646,100.10919,5,5,1,1,1,1,1,1,1,1,1,1,55.399963,526.8837,301.84344,49.608517,756.9138,383.7589,2.7264214,3110,392.97742,259.30798,57.84278,399.48816,269.69342,55.40793,405.8088,501.43246,54.939392,-0.31093404,-0.65521824,-0.6884832,76.86643,-1.3322397,230.92694,-19.739607,41.145718,184.0247,5.3770146,7.8849874,211.50386,0.6695646,-3.8825412,242.87016,-36.014935,397.3355,269.07306,54.934902,482.29144,315.97528,48.655746,415.77,288.49615,49.832607,392.23492,257.12982,59.003735,3111,354.57556,206.78894,63.943012,354.76584,207.1106,63.822426,415.74066,484.75323,51.990395,-0.47390535,-0.82137406,-0.31742463,76.86643,-16.796394,284.4405,-51.402763,10.338386,235.60995,-34.55585,-6.837546,267.17978,-44.732265,-24.01516,296.27737,-56.73562,366.40723,215.55951,62.850693,420.67676,264.39005,58.63896,386.32492,232.82022,61.183067,351.96967,203.72263,64.18391,3112,381.3195,192.2742,65.19813,379.89172,198.39212,65.00374,404.1048,485.8146,48.491016,-0.48066399,-0.8313912,-0.27883834,76.86643,-3.0146236,297.6757,-56.63215,27.998878,241.19437,-39.762695,8.869028,277.12088,-49.738316,-11.219883,310.82306,-61.805172,393.97076,202.32431,64.158035,455.99777,258.80563,59.940674,417.73807,222.87912,62.434578,377.56024,189.17694,65.451294,3113,502.81418,201.8808,72.99782,502.1955,203.32584,72.74993,407.66327,503.82574,52.80247,0.041813675,-0.7218368,-0.690799,76.86643,51.289024,289.99554,-82.47083,47.61211,241.65128,-42.521915,50.281944,272.61017,-65.83301,51.566887,300.47855,-94.87687,502.57803,210.00446,70.61771,495.2242,258.34872,60.630478,500.56387,227.38983,66.45825,503.1338,199.52145,73.719215,3114,554.5352,218.01178,70.91614,552.8535,220.13232,70.59363,417.03812,503.17627,51.515244,0.1956111,-0.71994746,-0.6658918,76.86643,76.08816,274.29166,-75.11742,65.48867,237.94096,-46.158936,72.761795,262.04898,-63.79394,78.42733,284.07565,-86.22537,552.17633,225.70834,68.77936,530.97736,262.05902,61.539734,545.52356,237.95102,65.94849,556.8547,215.92435,71.55634
1,311,504.7391,265.50238,54.447403,506.67093,263.4188,53.747883,-138.23564,25.165638,-22.76061,15.311057,25.165638,-22.76061,15.311057,25.165638,-22.76061,0,1,0.0,0.0,80.40065,488.31064,143.30023,51.98944,122.169426,5,4,1,1,1,1,1,1,1,1,1,0,55.399963,551.89026,281.37808,44.91324,690.4015,425.87738,2.0259514,3110,337.8653,277.63705,48.955395,336.6314,277.86108,48.847713,400.6497,492.11844,50.366177,-0.89959836,-0.076873325,-0.42989922,80.40065,-15.795957,219.41423,6.147203,52.326794,211.26013,30.313553,10.871444,217.13542,18.890995,-35.63334,222.96362,3.3345454,368.40808,280.58575,48.4632,504.6536,288.73987,42.42161,421.7429,282.86456,45.277252,328.73334,277.03638,49.166363,3111,365.04642,211.04654,65.38818,363.8407,211.73282,65.32831,402.66394,499.48813,51.415386,-0.6306147,-0.57936907,-0.51638806,80.40065,-9.911459,283.24808,-55.148876,25.513145,246.95076,-26.3607,3.3405466,271.07297,-44.29728,-19.722944,290.90045,-63.26294,380.1771,216.75192,63.78722,451.0263,253.04924,56.590176,406.6811,228.92703,61.074318,360.5541,209.09955,65.815735,3112,446.12704,202.37225,72.77179,443.81296,203.25574,72.776985,409.41315,495.30106,50.221516,-0.27001405,-0.6251193,-0.73233753,80.40065,26.827002,290.93475,-81.07749,43.198082,246.85696,-33.938564,33.50267,275.47968,-62.971615,21.853024,300.2091,-93.574936,453.654,209.06525,70.26937,486.39618,253.14304,58.484642,467.00534,224.52032,65.742905,443.70605,199.7909,73.39374,3113,539.3033,216.98495,75.099655,537.0366,218.0918,75.221886,400.98386,496.4828,50.008915,0.082197055,-0.5109333,-0.8556815,80.40065,68.96863,277.7964,-89.021355,62.306683,242.79573,-37.23532,66.98892,265.49063,-68.412346,69.711395,284.9134,-103.604805,537.93726,222.20361,72.25534,524.61334,257.20428,59.30883,533.97784,234.50937,67.10309,539.4228,215.08661,75.9012,3114,613.3532,242.78726,71.69943,611.00757,244.28993,71.92798,403.27988,501.00854,50.241425,0.45591995,-0.34841478,-0.8189897,80.40065,101.974304,253.8891,-76.81568,79.018585,234.93065,-39.563133,94.2214,247.96431,-62.888783,108.195786,257.99512,-89.8164,603.9486,246.11089,69.20392,558.0372,265.06934,59.890785,588.4428,252.03569,65.7222,616.3916,242.00488,72.4541
2,311,506.63373,260.0561,50.582027,503.82086,264.14188,50.734573,-156.39014,63.66467,-41.445198,59.40702,63.66467,-41.445198,59.40702,63.66467,-41.445198,0,1,1.0,1.0,82.81397,429.87332,262.92343,52.562984,30.587442,0,1,0,0,0,0,0,1,0,0,0,0,55.399963,552.68335,299.03772,46.93734,706.33276,413.24014,-0.60294724,3110,401.0814,277.09857,56.354156,405.2152,279.3935,56.842033,391.88315,494.7895,49.255737,-0.65452164,-0.24083385,-0.71665925,82.81397,5.7997518,222.80952,-10.4884,59.231815,200.03554,32.689487,25.202179,215.67032,10.756014,-1.9636747,223.57533,-29.281315,411.59952,277.1905,52.6221,518.4636,299.96448,41.82763,450.40436,284.32968,47.310997,396.07266,276.42468,57.320328,3111,416.54843,265.37238,49.73127,416.46097,266.0431,49.765045,400.70648,495.80396,50.075073,-0.13147898,0.9738089,0.18549797,82.81397,1.5025277,243.00284,-4.285128,37.82736,264.42593,8.184591,4.2654834,263.46686,-8.183262,10.152133,233.05171,2.5574977,403.00507,256.99716,51.07128,475.65472,235.57407,47.953854,408.53098,236.53314,52.045815,420.30426,266.9483,49.360626,3112,418.4898,269.77692,52.42331,418.09433,270.63757,52.442886,401.68915,495.58655,50.139175,-0.22588095,0.93888867,0.25974202,82.81397,2.260089,239.86533,-15.355399,47.378716,260.6616,-8.087811,7.8446355,263.07785,-21.777105,11.37351,228.29024,-8.291201,404.52017,260.13467,53.83885,494.75745,239.33841,52.021954,415.68927,236.92215,55.444275,422.747,271.70978,52.0728,3113,434.75833,277.49847,55.13558,435.93274,279.04727,55.024403,404.66516,497.1152,49.935905,-0.36677387,0.8612388,0.35177368,82.81397,12.350964,232.33922,-27.851942,57.387882,251.25003,-22.361563,21.184675,253.08206,-36.324375,18.395653,220.2115,-18.89311,424.70193,267.66077,56.962986,514.77576,248.74997,55.59039,442.36935,246.91794,59.081093,436.79132,279.7885,54.723278,3114,462.8969,277.7268,57.47525,463.33566,278.88635,57.425537,402.6917,496.8834,50.1261,-0.45442152,0.76826775,0.45084998,82.81397,27.5014,231.32005,-37.29266,63.89133,239.30453,-35.072823,35.228825,244.38443,-44.959354,32.250347,220.27264,-28.349113,455.0028,268.67993,59.323166,527.78265,260.69547,58.768204,470.45764,255.61557,61.239838,464.5007,279.72736,57.08728
3,311,508.37292,274.47772,56.708755,517.29913,279.7995,55.794956,-146.07462,38.076435,-27.787045,22.653196,38.076435,-27.787045,22.653196,38.076435,-27.787045,0,1,0.0,0.7899988,90.7954,459.8627,265.08102,61.61669,47.34408,2,2,0,1,1,0,0,0,1,1,0,0,55.399963,558.29193,298.62207,48.58347,706.18353,399.07367,-1.1325912,3110,472.9173,301.96185,65.03716,483.5293,301.85492,65.31638,341.77982,498.70575,50.06617,-0.012466745,0.03988959,-0.9991263,90.7954,29.619871,201.77556,-47.174465,55.807365,193.77184,16.097256,29.989431,202.95804,-17.55669,39.55262,196.88759,-64.24722,459.23975,298.22443,61.793617,511.61475,306.22815,45.975685,459.97885,297.04196,54.38917,479.10522,303.11243,66.061806,3111,368.40985,220.12216,67.14353,372.78012,221.92093,67.32443,370.77036,480.69086,50.849075,-0.6348518,-0.5301735,-0.5620314,90.7954,-8.019641,274.7274,-61.987064,27.820333,241.00246,-30.708271,5.321406,263.5861,-50.1763,-17.799887,281.61063,-70.79785,383.96072,225.27261,65.496765,455.64066,258.99756,57.677067,410.64282,236.41391,62.544075,364.40024,218.38937,67.69946,3112,462.74698,215.73734,76.11696,466.27466,215.70529,75.801025,368.21988,488.26114,54.171677,-0.17940216,-0.52360415,-0.8328587,90.7954,34.59637,279.06763,-93.437294,44.857193,241.22246,-39.646214,39.031803,266.12234,-72.84619,31.112896,286.5661,-107.529076,469.19275,220.93237,73.35932,489.7144,258.77753,59.911552,478.0636,233.87766,68.21155,462.2258,213.4339,76.88227,3113,497.93958,312.877,59.427948,502.90936,313.5338,59.465378,355.6538,492.50522,49.99048,0.07725869,0.7784456,0.62293947,90.7954,44.068512,190.67186,-48.1494,63.312073,236.66556,-45.227695,42.207745,209.42065,-63.152832,50.528564,185.58304,-34.1404,488.13702,309.32812,62.03735,526.62415,263.33444,61.306923,484.4155,290.57935,65.78821,501.05713,314.41696,58.5351,3114,521.8994,306.61148,61.016804,532.2081,307.46332,60.749275,351.89636,498.4975,51.091236,-0.09274204,0.7650717,0.63723165,90.7954,57.361023,197.20523,-53.90872,79.16093,228.34758,-50.345387,58.9381,210.21526,-64.74483,61.983402,191.76472,-40.732243,514.72205,302.79477,63.47718,558.32184,271.6524,62.586346,517.8762,289.78473,66.1862,523.9668,308.2353,60.18306
4,311,500.67035,256.42053,49.67656,504.9169,262.76443,49.025295,-156.06041,65.51931,-44.276684,43.72309,65.51931,-44.276684,43.72309,65.51931,-44.276684,0,1,0.41272265,0.8072047,94.528366,451.47684,273.88193,61.362206,49.470047,0,5,0,0,0,0,0,1,1,1,1,1,55.399963,549.9413,293.6582,45.578545,714.6227,417.94308,0.24728012,3110,408.9862,253.89606,55.35094,410.3991,260.7725,54.658943,403.65955,500.33688,50.896152,-0.37952372,-0.50851715,-0.77289844,94.528366,9.12467,238.71796,-8.529242,52.10714,197.41896,28.125906,20.375149,223.64365,14.382309,2.90924,248.37198,-25.32803,418.24933,261.28204,52.13231,504.21426,302.58105,42.968525,440.7503,276.35635,46.404423,405.81848,251.62802,56.33201,3111,372.05652,242.15686,59.781147,370.37128,242.67969,59.311707,401.56384,499.2749,49.91805,-0.56858134,0.38529047,-0.72681946,94.528366,-10.215757,266.0357,-32.575546,26.301367,261.69275,7.934231,1.7326535,274.1324,-17.301851,-15.153395,254.55971,-40.611897,379.56848,233.9643,58.143887,452.60272,238.30725,48.01644,403.4653,225.86761,54.325462,369.6932,245.4403,60.152973,3112,388.6439,239.42618,63.837894,387.23108,239.0187,63.718002,407.06683,512.6614,48.97812,-0.65271914,0.36126405,-0.6659174,94.528366,0.7114565,269.17767,-49.67679,42.045696,263.85913,-2.9107108,16.848898,278.10938,-33.21304,-7.455403,256.9202,-56.747574,401.4229,230.82233,62.419197,484.0914,236.14087,50.727676,433.69778,221.89062,58.30326,385.0892,243.0798,64.18689,3113,425.88583,252.713,65.376595,423.96625,251.81541,65.240555,399.23975,501.72357,50.42606,-0.6621502,0.46036834,-0.59128517,94.528366,19.545834,256.14365,-57.207745,58.855038,260.20105,-12.737473,35.493652,267.23157,-42.9667,10.698696,243.60541,-62.537006,439.09167,243.85635,64.30193,517.7101,239.79895,53.18437,470.9873,232.76843,60.741676,421.3974,256.3946,65.634254,3114,472.53674,249.80655,65.66807,472.21808,249.30501,65.61621,400.214,499.01868,50.38178,-0.73991984,0.28708026,-0.60836136,94.528366,44.540165,256.37833,-58.783897,72.59747,253.16425,-23.139133,57.12248,261.2601,-48.438732,33.52623,247.50359,-63.735413,489.08032,243.62167,64.69598,545.19495,246.83577,55.784782,514.245,238.7399,62.109684,467.05246,252.49641,65.93385
0,311,489.80792,275.41772,57.19207,491.28113,269.4087,56.746456,-134.1634,34.129562,-34.910877,6.5190907,34.129562,-34.910877,6.5190907,34.129562,-34.910877,0,1,0.0,0.0,96.85138,501.20172,168.21478,52.519157,103.83135,4,5,0,1,1,1,1,1,1,1,1,1,55.399963,548.9154,293.78894,49.086037,717.1707,402.08936,1.4552574,3110,415.16528,283.15723,60.369755,415.40588,279.4323,61.13298,418.49176,506.3676,50.024067,-0.47262114,-0.2924481,-0.83132625,96.85138,2.239308,216.82608,-26.864296,53.704388,192.14621,12.757032,16.249535,208.15685,-2.2207303,9.869694,216.64905,-45.72634,404.4786,283.17392,56.716072,507.40878,307.8538,46.81074,432.49908,291.84314,50.555183,419.73938,283.35095,61.431587,3111,340.94843,222.91782,65.57989,342.62393,222.07062,65.78958,356.94797,502.9997,46.321476,-0.65671396,-0.61943483,-0.43014795,96.85138,-22.022282,270.79095,-56.408047,15.486298,232.70747,-33.056984,-8.221814,257.7739,-47.368732,-32.03271,279.24127,-63.411293,355.95544,229.20905,64.10201,430.9726,267.29254,58.264244,383.55637,242.2261,61.842182,335.93457,220.75873,65.85282,3112,373.6054,205.12912,68.05328,375.3714,204.36237,68.08982,375.04172,498.15942,47.810596,-0.5849304,-0.70752114,-0.39657322,96.85138,-5.610738,286.8369,-66.153786,32.096016,237.91158,-41.25603,8.850735,269.34457,-56.349144,-15.595953,297.70163,-73.167564,388.77853,213.16309,66.538445,464.19202,262.08844,60.314007,417.70148,230.65543,64.08729,368.8081,202.29837,68.29189,3113,494.8694,208.96094,75.033005,496.7281,207.69772,75.811035,390.4548,495.61194,49.73784,-0.054866645,-0.6873241,-0.72427565,96.85138,48.644157,284.11877,-89.67855,51.24973,238.71275,-46.25546,49.965614,267.56464,-72.23444,47.42881,294.38086,-102.21223,497.28833,215.88123,72.41964,502.49945,261.28723,61.563866,499.9312,232.43536,68.05861,494.8576,205.61914,75.553055,3114,534.5586,222.37769,73.027664,543.799,221.32245,73.399414,380.96613,494.29474,49.356934,-0.049648378,-0.7136486,-0.6987422,96.85138,67.6262,270.77838,-82.80535,68.88277,235.17754,-51.066296,68.47047,258.64282,-70.92326,66.38433,280.7228,-93.94767,535.2524,229.22162,70.70134,537.7655,264.82245,62.766575,536.9409,241.35718,67.73082,532.7687,219.27719,73.486916
1,311,506.3413,277.2312,55.060028,502.8211,277.3654,54.47698,-134.10088,29.523487,-30.300844,-0.43898076,29.523487,-30.300844,-0.43898076,29.523487,-30.300844,0,1,0.0,0.0,99.58112,442.13257,161.52786,47.119373,121.678246,5,4,1,1,1,1,1,1,1,1,1,0,55.399963,560.6665,293.06857,46.13807,702.31274,420.24683,0.09781265,3110,352.94324,305.66498,51.53821,352.27216,307.02243,51.155075,392.7914,493.48926,49.85144,-0.8847625,-0.03599074,-0.46465033,99.58112,-8.425004,194.6355,-2.3465738,59.6514,191.77295,22.784924,17.802608,193.56859,11.42737,-28.318468,195.49973,-6.5339513,383.15,305.3645,50.586643,519.3028,308.22705,44.30377,435.60522,306.4314,47.143158,343.36307,304.50027,51.633488,3111,343.51355,235.76782,64.35502,343.4323,234.62979,63.833008,394.2737,511.92032,52.047367,-0.7558955,-0.4836999,-0.4411988,99.58112,-19.56441,259.61343,-51.563316,23.903797,228.9447,-27.664383,-3.6796978,249.44875,-42.291775,-30.96076,265.86923,-58.75013,360.8712,240.38657,62.89083,447.8076,271.0553,56.916096,392.6406,250.55125,60.572945,338.0785,234.13077,64.68753,3112,416.90823,209.33139,70.0407,415.77283,209.5423,69.81497,411.21072,496.74628,50.007645,-0.41191438,-0.6939062,-0.59061044,99.58112,14.197217,283.02914,-71.93111,40.915382,235.01918,-34.28982,24.381144,265.8734,-57.329205,7.2240186,293.67828,-82.17368,428.39444,216.97086,67.98277,481.83075,264.98083,58.572456,448.7623,234.12659,64.3323,414.44803,206.32172,70.54342,3113,511.73724,208.78763,72.347626,510.6483,209.31342,72.16399,398.78198,498.08105,49.904575,-0.061847378,-0.7102935,-0.7011834,99.58112,56.909897,283.1461,-79.88921,60.394276,236.92299,-37.36375,58.399483,266.03873,-63.001286,55.748444,294.0519,-91.8723,513.8198,216.85391,69.972305,520.7886,263.07703,59.34094,516.79895,233.96127,65.75032,511.4969,205.94809,72.96808,3114,599.9702,226.37259,69.77879,597.182,227.7132,69.78725,395.6874,492.11575,49.11078,0.36067572,-0.6565419,-0.66246945,99.58112,96.04558,266.7656,-70.7417,78.60629,234.40805,-40.290077,89.9123,255.60112,-59.476425,101.33726,276.1156,-81.189674,592.0912,233.2344,67.685425,557.2126,265.59195,60.072517,579.8246,244.3989,64.86911,602.6745,223.8844,70.29742
2,311,501.42938,242.38016,49.11919,506.21973,246.16045,49.35034,-169.71532,87.58601,-76.920654,77.972046,87.58601,-76.920654,77.972046,87.58601,-76.920654,0,1,1.0,0.8969305,102.88029,443.64838,237.03732,54.849648,28.157017,0,1,0,0,0,0,0,1,0,0,0,0,55.399963,531.9025,287.42157,49.411728,697.4079,408.69864,3.6205177,3110,429.19684,234.73645,55.62588,429.4254,238.59543,56.11898,402.96555,506.21393,51.0888,-0.28702968,-0.7013069,-0.65252024,102.88029,11.662833,262.6884,-7.2158346,44.493515,206.27106,16.88352,20.171448,241.89906,12.127263,15.662803,266.42627,-26.813265,423.32565,237.31161,51.80396,488.98703,293.72894,45.77912,440.3429,258.10095,46.968185,431.3256,233.57373,56.703316,3111,417.21133,251.54503,51.165005,420.66083,253.0178,50.388367,394.9412,510.3997,51.002132,-0.08207513,0.9578542,-0.27527988,102.88029,3.2996466,258.82822,-6.068786,35.511497,277.71973,21.262114,5.0244083,278.95697,-0.28393716,9.811839,245.58162,-4.4010873,406.5993,241.17178,51.517197,471.023,222.28027,44.68447,410.04883,221.04303,50.070984,419.6237,254.41838,51.100273,3112,428.72665,257.3973,53.11962,427.01962,254.43182,52.70984,404.92093,509.6447,50.42298,-0.09644057,0.99162555,-0.08589556,102.88029,8.956411,253.16826,-14.952252,48.241455,279.52438,6.9484363,11.340752,277.68463,-12.828622,16.402826,239.05019,-11.463593,417.9128,246.83174,53.738064,496.4829,220.47562,48.26289,422.68152,222.31537,53.207153,432.80566,260.94983,52.8659,3113,441.55487,257.64685,55.837185,438.6048,257.8352,55.58223,398.31628,504.12192,51.227634,-0.32273877,0.94591343,-0.03297741,102.88029,17.95674,253.82977,-26.350792,60.4215,275.39423,-8.121043,25.72987,276.612,-25.556534,21.576143,238.47508,-22.476027,435.91348,246.17023,56.5877,520.843,224.60577,52.030262,451.45975,223.388,56.389133,443.15228,261.5249,55.619007,3114,468.65637,252.06024,57.59114,465.31635,254.16266,57.639282,404.5089,504.4935,49.827366,-0.432429,0.90042365,0.0473542,102.88029,32.67024,258.37344,-33.07899,68.60767,269.0164,-23.576647,40.02368,273.68512,-33.884247,35.022415,244.05975,-29.31462,465.34048,241.62656,58.26975,537.21533,230.98361,55.89416,480.04736,226.31488,58.47106,470.04483,255.94025,57.328655
3,314,414.38986,282.71295,46.94627,416.9624,275.97168,46.130325,165.5019,30.042011,8.505282,0.36851713,30.042011,8.505282,0.36851713,30.042011,8.505282,0,1,0.0,0.5147935,11.235316,319.2202,274.92755,56.74411,70.65115,2,3,0,1,1,0,0,1,1,1,0,0,63.72,415.6916,306.31244,34.608803,568.14154,492.37222,-10.440826,3140,413.3458,313.64972,58.297894,417.55338,312.6844,57.504955,389.97412,483.3201,52.52986,0.44219357,0.04278306,-0.8958987,11.235316,-8.461042,190.74835,-23.812883,-20.925343,184.61429,56.000866,-23.537897,192.20706,6.7333207,10.639447,185.36322,-36.218533,383.0779,309.25165,55.95322,358.14932,315.3857,35.999783,352.9242,307.79294,48.31667,421.2789,314.63678,59.054634,3141,343.11386,231.6218,70.387794,354.16742,230.84186,70.60111,405.30115,508.29346,49.400436,-0.17601538,-0.39958706,-0.8996381,11.235316,-26.18042,263.20444,-69.76245,-14.411498,233.29974,-10.877868,-21.926058,253.54628,-48.017838,-29.188852,268.97986,-85.55839,347.63916,236.79556,67.44061,371.177,266.70026,52.719467,356.1479,246.45374,62.00446,341.62228,231.02014,71.389595,3142,428.26898,229.81476,72.565765,440.5439,229.1647,72.52815,391.73993,521.562,50.18196,0.061568644,-0.34204942,-0.9376628,11.235316,13.266746,265.7859,-76.67633,7.4560776,233.70134,-7.5046964,11.515955,256.05923,-50.012577,14.054733,270.2273,-94.91893,426.53348,234.21411,69.16908,414.91217,266.29865,51.876175,423.03192,243.94077,62.503143,428.10947,229.7727,73.72974,3143,415.5015,326.3404,47.887257,414.8075,319.08005,48.454994,410.01913,515.9588,54.519676,-0.3403541,0.6465324,0.68275535,11.235316,10.697806,175.0355,-5.7935095,28.301521,228.98773,0.40071118,20.126295,192.94574,-24.7072,6.6899033,172.37068,12.259949,421.3956,324.96448,51.448376,456.60303,271.01227,49.899822,440.2526,307.05426,56.1768,413.37982,327.62933,46.935013,3144,448.9533,319.83685,46.901752,447.11652,313.13864,47.932415,405.1906,509.79648,52.34094,-0.4162864,0.6110743,0.67327094,11.235316,27.01929,181.78065,-0.50806004,46.391876,219.86537,7.3288803,35.161354,193.73254,-13.676432,23.359333,179.04372,16.111841,454.03857,318.21936,50.127014,492.78375,280.13464,48.167778,470.3227,306.26746,53.41911,446.71866,320.9563,45.97204
4,314,460.47992,234.84442,45.034508,470.53775,230.57303,47.321648,-148.42448,51.612915,-37.80468,42.47286,51.612915,-37.80468,42.47286,51.612915,-37.80468,0,1,1.0,1.0,15.085849,376.12848,250.66272,49.381264,38.521973,0,4,0,0,0,0,0,1,1,0,1,1,63.72,522.6434,271.44513,38.48144,657.5168,446.7281,-10.013519,3140,369.99014,260.4308,54.20819,369.91937,258.19855,55.173187,396.80383,497.67392,41.746246,-0.2984801,-0.021660626,-0.95417005,15.085849,-7.239833,238.45036,-0.83876556,37.565834,224.06831,64.957825,2.9370253,237.71182,31.694235,-17.837086,241.11397,-21.534948,385.52032,261.54962,50.20969,475.13165,275.9317,33.760544,405.87405,262.28818,42.076443,364.32584,258.88605,55.383736,3141,332.73764,246.41034,49.49862,334.97568,242.74939,50.082447,389.1781,542.67346,43.29383,-0.30518898,0.9413046,-0.14424042,15.085849,-38.631535,266.5453,-2.1267655,4.504621,288.94733,25.169146,-31.254997,289.297,1.3595831,-33.055634,251.08641,2.5476434,322.73694,233.45471,50.531693,409.00925,211.05267,43.707714,337.49,210.703,49.660103,333.88873,248.91359,49.36309,3142,360.18732,264.68024,49.956547,360.48956,261.39987,50.29506,404.0232,538.96344,42.639244,-0.19213772,0.9600305,0.20353031,15.085849,-25.75634,246.88474,-7.85644,20.089334,286.40076,9.665529,-20.292637,274.18454,-13.644109,-18.640558,232.55313,1.9980116,348.4873,253.11526,51.96411,440.17868,213.59924,47.58362,359.41473,225.81546,53.411026,362.71887,267.44687,49.500496,3143,381.8509,264.0172,53.722897,382.333,261.5531,54.15538,378.0011,504.85535,49.901157,-0.4324904,0.8865617,0.16419637,15.085849,-11.389413,248.4993,-23.6845,37.06149,277.77643,-2.8569748,0.5914365,273.05884,-28.233068,-8.805379,233.27104,-13.171875,377.22116,251.5007,55.921124,474.123,222.22357,50.714245,401.18286,226.94116,57.058266,382.38925,266.72894,53.29297,3144,421.20868,262.2792,54.977333,420.5133,260.34018,55.085365,400.05322,513.3097,52.48888,-0.64086735,0.69108874,0.3341936,15.085849,12.428613,245.96129,-31.437695,50.428596,265.46957,-14.185676,24.96321,259.47815,-37.97412,9.909126,235.99263,-17.60349,424.85724,254.03871,57.859425,500.8572,234.53043,53.546417,449.92642,240.52185,59.49353,419.81824,264.0074,54.40087
0,314,451.52676,300.0045,56.72367,454.72202,304.65814,56.38941,-154.51181,36.63863,-19.521671,-11.039467,36.63863,-19.521671,-11.039467,36.63863,-19.521671,0,1,0.0,0.0,21.15098,517.19293,177.9696,50.038578,123.74895,5,5,1,1,1,1,1,1,1,1,1,1,63.72,494.27097,325.50403,45.86729,671.73334,436.40686,-11.538792,3140,354.07346,286.78857,60.689156,353.33435,287.92615,60.01999,422.0224,499.47348,46.36726,-0.18670544,-0.5793044,-0.7934403,21.15098,-21.93966,203.13522,-28.08845,22.602453,156.08733,15.971949,-15.573826,183.3835,-1.0356269,-22.56284,215.76674,-47.780704,356.12067,296.86478,57.022114,445.2049,343.91266,46.00701,368.85236,316.61652,50.258907,354.87433,284.23328,61.945175,3141,338.18427,228.00449,70.97267,340.8578,229.11255,70.91097,394.48352,511.02808,50.183823,-0.31794477,-0.77199537,-0.5503946,21.15098,-26.743906,262.23972,-76.16907,-5.1880207,208.8385,-41.7383,-19.059053,243.58026,-62.865814,-32.07398,274.78674,-86.46858,346.51218,237.76028,69.04227,389.62396,291.1615,60.434574,361.8819,256.41974,65.71645,335.85205,225.21326,71.61714,3142,351.11484,212.20987,71.01264,353.84943,213.68152,71.01265,394.09827,513.5438,51.482525,-0.44415894,-0.76459545,-0.46702954,21.15098,-18.139067,276.96457,-76.86775,15.383556,216.8622,-43.208313,-5.5087852,255.22223,-63.587116,-26.652151,290.7392,-86.40328,363.72186,223.03543,69.216934,430.76712,283.13782,60.80208,388.98242,244.77777,65.89678,346.6957,209.2608,71.60082,3143,493.70816,228.67487,77.44391,495.74487,230.05316,77.65421,420.40988,504.2865,48.173157,0.10865758,-0.58616585,-0.8028718,21.15098,45.80556,263.654,-97.65321,37.913322,219.4139,-40.94015,42.79553,247.41602,-75.412056,47.821835,273.94162,-113.11901,491.6111,236.34601,74.4133,475.82666,280.58612,60.23504,485.59106,252.58398,68.85301,495.64368,226.05838,78.279755,3144,523.49805,239.68939,73.05226,524.01465,240.96033,72.93368,404.61548,509.8964,49.629356,0.041380346,-0.6242143,-0.78015655,21.15098,61.7532,252.5367,-81.462105,59.148937,216.9483,-39.73716,60.94385,240.3278,-66.20318,62.329163,262.73975,-95.34278,523.5064,247.46332,70.365524,518.29785,283.0517,59.934288,521.8877,259.67218,66.5508,524.6583,237.26025,73.83569
1,314,480.53293,289.23193,53.312054,479.0219,290.92657,53.199635,-138.05833,24.573181,-22.337036,3.3355665,24.573181,-22.337036,3.3355665,24.573181,-22.337036,0,1,0.0,0.0,23.103321,410.84796,164.68915,48.721706,128.12827,5,5,1,1,1,1,1,1,1,1,1,1,63.72,533.0556,305.59668,42.033466,683.0332,438.03268,-13.721241,3140,296.36465,316.94785,49.15893,295.83917,317.59143,49.244423,406.28638,505.45706,51.226677,-0.93257725,-0.02093748,-0.36036268,23.103321,-33.822544,180.55504,1.7907039,40.487717,180.50981,40.22942,-2.0257633,179.84116,14.077485,-57.048893,182.86115,3.507406,332.35492,319.44495,49.552322,480.97543,319.49017,39.942646,395.9485,320.15884,46.48063,285.90222,317.13885,49.12315,3141,315.58707,229.13034,65.356026,316.00394,228.6528,65.26159,396.61865,502.41275,50.3749,-0.6329927,-0.62350184,-0.45887437,23.103321,-33.61615,263.4351,-54.81658,8.216723,220.14597,-25.138975,-18.316463,248.36479,-43.725407,-44.65922,273.5311,-63.065163,332.7677,236.56491,63.704147,416.43344,279.85403,56.284744,363.36707,251.63521,60.93135,310.68155,226.4689,65.76629,3142,393.62988,213.61115,72.52882,393.8837,213.15118,72.40161,390.66364,506.87976,51.188705,-0.36249006,-0.6692839,-0.64858305,23.103321,1.9668903,277.28818,-80.16083,28.890295,224.22713,-31.897526,12.274802,258.25616,-61.71746,-5.142755,289.18842,-92.84849,403.93378,222.71182,70.04021,457.78058,275.7729,57.97438,424.5496,241.74384,65.42937,389.71448,210.81158,73.21212,3143,502.25272,218.5235,74.63165,503.68076,217.96725,74.35079,386.8116,507.1536,51.522583,-0.008390634,-0.65436655,-0.75613093,23.103321,51.495716,272.63593,-87.22521,51.587223,223.75725,-33.86595,51.728153,254.50867,-66.27887,51.13678,284.24283,-101.86224,502.99146,227.36407,71.806305,503.17444,276.24274,58.466488,503.4563,245.49133,66.56972,502.27356,215.75717,75.46556,3144,598.9792,240.92538,70.65054,600.58636,240.70538,70.39044,392.9744,499.61407,50.222992,0.39762232,-0.5913501,-0.70157075,23.103321,94.41355,251.92706,-72.685814,72.280594,218.42871,-35.23302,86.636536,240.36096,-58.963932,101.11849,261.62943,-85.25622,588.8271,248.07292,68.171455,544.56116,281.5713,58.808254,573.2731,259.63904,64.74098,602.237,238.37057,71.31406
2,314,461.36874,247.1826,45.34791,464.8882,248.1055,45.87585,-161.84296,81.46311,-65.405655,67.95121,81.46311,-65.405655,67.95121,81.46311,-65.405655,0,1,1.0,1.0,25.45344,388.12494,247.47423,50.014885,32.452225,0,0,0,0,0,0,0,0,0,0,0,0,63.72,508.80975,296.40564,44.677216,685.10516,399.93506,-13.638542,3140,392.35757,269.09326,55.501152,392.7681,268.94604,55.530334,400.27347,504.39517,50.96476,-0.27895418,-0.3165428,-0.90663403,25.45344,-13.070099,234.43108,-7.55495,33.534294,196.30461,42.559383,-3.5589883,223.63837,23.35728,-1.0915842,229.33914,-27.005293,373.8598,265.5689,51.888737,467.0686,303.69537,39.360153,392.88202,276.36163,44.16068,397.81683,270.66086,56.751324,3141,364.48743,267.08295,45.839687,365.71695,266.8349,45.908985,399.84543,500.87198,49.197765,-0.0011858972,0.9842522,-0.17676584,25.45344,-24.363499,243.96301,15.704922,13.4616585,276.70804,38.334885,-24.334835,267.75278,19.977423,-15.552589,229.38188,16.999609,351.273,256.037,46.07377,426.9233,223.29196,40.41628,351.33032,232.24722,45.005646,368.89484,270.6181,45.7501,3142,367.7559,271.41803,48.2036,369.3749,271.3626,48.248047,398.3142,500.9911,49.225754,-0.0955529,0.99542433,-1.5041637E-4,25.45344,-22.492346,240.77248,4.6283593,25.191286,277.8612,19.60479,-19.775166,269.07877,4.6326365,-13.771727,224.49568,8.114886,355.01532,259.22754,48.84291,450.38257,222.1388,45.0988,360.44968,230.92123,48.841843,372.45654,275.50433,47.97128,3143,389.19623,272.43533,51.050117,389.76636,272.45764,51.11767,402.33734,496.06665,49.177143,-0.21197209,0.9682074,0.13282388,25.45344,-11.11028,240.37396,-8.821181,37.06099,272.1072,1.0239509,-5.2382293,267.19525,-12.500669,-4.138653,224.06305,-2.9524333,377.77945,259.62604,52.205296,474.12198,227.89279,49.74401,389.52353,232.80475,53.125168,391.7227,275.93695,50.73811,3144,416.44293,266.6856,53.237064,416.13156,266.6933,53.26407,395.13202,497.46283,50.300335,-0.31448382,0.89924717,0.30406326,25.45344,4.0834184,244.80807,-18.83843,44.695477,263.2498,-16.913124,10.2343445,262.39627,-24.785543,9.040192,230.05363,-11.432749,408.16684,255.19193,54.709606,489.39096,236.75021,54.22828,420.4687,237.60373,56.196384,418.08038,269.94635,52.85819
3,314,467.33704,269.2266,54.73612,475.03235,269.1662,53.386703,-121.315125,17.651335,-27.611557,11.273906,17.651335,-27.611557,11.273906,17.651335,-27.611557,0,1,0.0,0.4144623,27.686047,311.53925,238.36343,52.713833,94.84002,2,3,0,1,1,0,0,1,1,1,0,0,63.72,530.4961,280.28058,43.915676,686.45276,412.5531,-11.60648,3140,436.51694,308.35544,64.04847,435.29504,307.82202,64.12456,355.28354,450.05527,54.74537,-0.23741837,0.17031495,-0.95636046,27.686047,13.787348,198.7814,-40.108807,39.783478,210.46553,38.724117,21.882269,204.5884,-7.501123,18.361597,191.2694,-61.796925,427.5747,301.2186,60.027203,479.56696,289.5345,40.31897,443.76453,295.41162,51.875282,436.7232,308.7306,65.449234,3141,307.6927,210.13092,67.72763,310.6344,210.09872,67.37172,381.35336,499.76758,51.04399,-0.6014476,-0.5887944,-0.53998333,27.686047,-38.28358,282.78415,-63.11346,1.0403707,241.42363,-27.804354,-23.746353,268.55276,-50.061848,-48.92707,292.1302,-72.66782,323.43283,217.21585,65.778366,402.08075,258.57635,56.951088,352.5073,231.44724,62.51546,302.14587,207.86981,68.166954,3142,387.48215,203.78693,76.48683,388.63577,203.07486,75.7568,402.4114,513.5963,55.45037,-0.30381045,-0.57642514,-0.7585732,27.686047,-1.3143469,288.3306,-94.900406,20.65968,241.95041,-38.02862,7.3249283,271.93915,-73.329315,-7.488085,298.31415,-109.57532,397.3713,211.6694,73.7251,441.31937,258.0496,59.507156,414.64984,228.06085,68.33233,385.02383,201.68585,77.39383,3143,476.80298,315.56543,52.66262,481.16846,316.1449,52.088524,394.5417,495.35892,51.021336,0.21975946,0.46849194,0.8556992,27.686047,32.724915,184.13196,-23.273035,42.644962,238.63536,-43.019,26.637136,197.11012,-46.977615,40.442863,184.58191,-6.263549,465.44983,315.86804,55.81826,485.28992,261.36462,60.75475,453.27426,302.8899,61.744404,480.88574,315.4181,51.565887,3144,499.2019,309.989,55.481663,502.2426,310.39767,54.90284,395.702,494.06503,50.986725,0.056868915,0.5176215,0.8537177,27.686047,45.223995,190.84529,-34.247776,62.348763,230.89294,-46.227272,44.11171,200.96936,-50.94547,50.997677,189.61438,-18.053434,490.448,309.15472,58.561943,524.6975,269.10706,61.556816,488.22342,299.03064,62.736366,501.99536,310.38562,54.51336
4,316,462.09406,232.42026,45.543427,460.10486,239.84033,45.225094,-164.33081,69.471,-36.836674,45.322254,69.471,-36.836674,45.322254,69.471,-36.836674,0,1,0.5587093,0.9904242,3.380495,415.44083,241.33368,57.22529,44.546005,0,5,0,0,0,0,0,1,1,1,1,1,63.72,506.45044,279.06186,41.033318,707.1406,409.47427,-12.482719,3160,342.14386,239.75812,57.204098,342.95746,240.57169,56.916695,401.56268,502.45978,51.900974,-0.49864537,-0.4765677,-0.72404146,3.380495,-21.93392,251.76617,-14.573841,24.734383,211.59752,42.354023,-4.9323077,235.51732,10.112787,-31.73553,262.7538,-32.76528,356.13217,248.23383,53.64346,449.46875,288.40247,39.411495,390.13538,264.48267,47.4718,336.52893,237.24619,58.191322,3161,337.7395,218.57086,60.10643,337.26352,220.12274,59.772484,400.4987,494.03104,51.966835,-0.4147687,0.39729583,-0.81861037,3.380495,-27.715187,290.77167,-32.00191,3.851007,289.6291,23.369164,-17.690062,300.37445,-12.215772,-32.317898,278.39624,-42.845417,344.5696,209.22833,58.000477,407.70203,210.37091,44.157707,364.61987,199.62555,53.053944,335.3642,221.60376,60.711353,3162,341.63156,235.8623,63.11536,336.75278,237.58817,60.76482,400.65253,502.00833,52.108555,-0.563399,0.40996584,-0.7172932,3.380495,-22.186275,271.90576,-42.885662,23.881649,291.95712,14.254114,-6.165235,283.56372,-22.488424,-31.96034,262.14508,-55.626762,355.62744,228.09424,60.721416,447.7633,208.04288,46.43647,387.66953,216.43628,55.622105,336.0793,237.85492,63.906693,3163,389.1881,233.3606,65.00307,385.53256,240.34329,63.511,397.5141,494.54675,51.4497,-0.5883663,0.3473009,-0.73021036,3.380495,2.448952,273.30734,-50.73615,44.516098,287.42545,5.714242,18.747875,282.92825,-30.507862,-8.3654,264.5949,-63.235558,404.89792,226.69266,62.684036,489.0322,212.57455,48.571438,437.49576,217.07175,57.626965,383.2692,235.40509,65.80889,3164,447.055,224.14227,64.81795,444.49677,229.77023,64.02821,406.1769,494.80295,50.53278,-0.61025524,0.13743214,-0.7801929,3.380495,31.901648,279.10437,-50.23968,61.54871,279.38635,-4.4710746,43.837505,281.7924,-34.980045,20.609015,274.82224,-62.53793,463.80328,220.89563,62.55992,523.0974,220.61365,51.117767,487.67502,218.20761,58.74501,441.21802,225.17776,65.63448
0,316,443.42596,303.81287,54.748985,441.34332,302.8605,53.131775,-142.63696,34.270367,-27.486624,-7.747961,34.270367,-27.486624,-7.747961,34.270367,-27.486624,0,1,0.0,0.0,7.231104,493.9847,181.70477,50.153507,119.9329,4,5,0,1,1,1,1,1,1,1,1,1,63.72,499.05905,325.8907,44.345924,690.66815,427.75372,-13.3956375,3160,335.59924,292.7732,56.933254,336.6584,291.0228,56.732956,404.919,503.08566,48.912777,-0.32027894,-0.53529125,-0.7815911,7.231104,-26.11631,197.95671,-13.4023075,26.040504,154.69012,26.112143,-15.196207,179.70563,13.2465105,-34.11998,210.57387,-31.415558,347.76736,302.04327,53.35058,452.081,345.30988,43.471966,369.60757,320.29437,46.688374,331.76004,289.42615,57.85389,3161,301.0468,238.54257,67.33772,296.74374,236.25952,65.91331,393.3244,507.83948,48.843803,-0.48191223,-0.71987116,-0.4995459,7.231104,-43.435837,252.75882,-61.487278,-11.235958,202.87263,-30.22949,-31.787825,235.35924,-49.413055,-51.69544,264.42767,-70.843254,313.12833,247.24117,65.37182,377.52808,297.12738,57.557373,336.42435,264.64075,62.353264,296.60913,235.57233,67.710815,3162,319.8745,220.98209,67.97014,313.6745,219.13382,66.21231,415.3344,501.22388,49.83937,-0.5351872,-0.7339479,-0.41820475,7.231104,-31.840136,269.17087,-65.17269,8.579255,211.65207,-34.702675,-16.62134,248.30005,-53.280453,-42.09948,282.46933,-73.60101,336.31973,230.82913,66.293175,417.1585,288.34793,58.675667,366.75732,251.69995,63.320114,315.80103,217.53067,68.40025,3163,463.60828,231.18512,75.888214,451.29724,227.7254,74.5987,386.31134,511.06503,51.05923,0.0037281536,-0.60282797,-0.79786247,7.231104,31.449282,260.8336,-91.64494,31.065508,215.26715,-35.441395,31.346004,244.13406,-69.54256,31.477478,271.36835,-107.07576,462.89856,239.16641,72.91124,462.131,284.73285,58.860348,462.69202,255.86594,67.385635,462.95496,228.63165,76.768936,3164,495.2417,241.77002,72.02778,493.82858,240.33667,71.485565,405.24203,482.21646,45.135117,-0.07832263,-0.64817387,-0.75745374,7.231104,48.520363,250.7101,-77.23911,52.380486,213.76288,-36.814987,50.05226,238.03261,-62.42423,46.98762,261.2897,-90.760574,497.0407,249.2899,69.30978,504.761,286.23712,59.203747,500.10452,261.9674,65.60606,493.97525,238.7103,72.69014
1,316,481.9637,288.59854,50.79636,482.85754,289.7777,49.98278,-126.36912,23.424662,-30.46868,-3.4061415,23.424662,-30.46868,-3.4061415,23.424662,-30.46868,0,1,0.0,0.0,9.409463,412.69183,154.65158,44.975533,136.11592,5,4,1,1,1,1,1,1,1,1,1,0,63.72,546.19214,301.7179,40.22125,697.094,436.0133,-15.215599,3160,314.41373,314.86627,46.89519,314.33145,315.44247,46.7596,402.21262,496.19424,51.10405,-0.91197324,-0.040327094,-0.40826288,9.409463,-24.839214,183.50124,11.603023,50.26362,180.34494,49.01428,6.25506,182.12627,25.52299,-48.167923,185.03339,12.676485,350.32156,316.49878,47.099243,500.52722,319.65506,37.74643,412.51013,317.87372,43.61925,303.66415,314.9666,46.83088,3161,295.93787,242.93402,61.87787,295.1671,243.28418,61.768005,405.58707,493.82428,50.233753,-0.74437207,-0.4932087,-0.45017263,9.409463,-42.284912,251.52388,-40.614815,6.9997687,215.97676,-12.174627,-24.29314,239.60283,-29.733965,-55.198635,259.00555,-48.932148,315.43018,248.47612,60.1537,413.99954,284.02325,53.043655,351.41373,260.39716,57.43349,289.60272,240.99445,62.233036,3162,367.7494,219.84348,69.38076,368.38092,219.15814,69.20714,383.96735,513.8882,52.517715,-0.47497708,-0.59982705,-0.6438977,9.409463,-9.512298,271.56744,-68.04388,26.174896,223.35628,-20.395802,3.9943404,254.51051,-49.733746,-18.668283,281.98752,-80.72176,380.9754,228.43256,67.01097,452.3498,276.64374,55.09895,407.98868,245.48947,62.433437,362.66342,218.01248,70.18044,3163,479.17172,215.30795,71.93311,479.3164,214.58902,71.622696,397.65195,503.77585,51.35747,-0.103242785,-0.6568372,-0.74693096,9.409463,41.305836,275.69437,-76.69485,48.4348,226.44562,-24.16391,44.165867,257.4987,-56.003365,39.246517,287.2667,-91.21837,482.61166,224.30563,69.17371,496.8696,273.55438,56.040977,488.33173,242.50131,64.00084,478.49304,212.7333,72.804596,3164,582.8998,231.78934,68.65234,583.6185,231.02081,68.39293,402.82828,501.69168,50.692623,0.328086,-0.6327022,-0.701461,9.409463,87.69425,260.3412,-64.667114,69.51143,224.41266,-27.345186,81.27729,247.9663,-50.94738,93.26099,270.67648,-77.28857,575.3885,239.65881,66.16678,539.0228,275.58734,56.836296,562.55457,252.0337,62.736847,586.522,229.32352,69.32214
2,316,454.87457,261.1246,44.748524,451.86505,261.08347,44.836796,-159.24962,76.89965,-58.440693,63.673424,76.89965,-58.440693,63.673424,76.89965,-58.440693,0,1,1.0,1.0,11.542637,383.7972,264.54724,49.4125,32.56145,0,0,0,0,0,0,0,0,0,0,0,0,63.72,506.32703,308.96814,43.129787,683.0936,405.47324,-15.912125,3160,387.40628,287.02374,54.22532,388.74713,287.47098,54.266838,401.819,507.97717,51.808666,-0.29140761,-0.24180695,-0.9255328,11.542637,-15.572861,217.26007,-3.4079642,32.433968,184.46883,49.120445,-5.6371436,209.01552,28.148632,-2.5993562,210.69147,-21.745632,368.85428,282.73993,50.85199,464.86792,315.5312,37.719887,388.7257,290.9845,42.96284,394.8013,289.30853,55.43641,3161,366.66708,286.20996,44.614044,367.3981,286.76794,44.98771,392.33896,491.14752,43.44822,0.11379072,0.9912762,-0.066506974,11.542637,-24.254139,224.32834,19.4266,9.066848,263.41806,38.802147,-27.004505,248.28789,21.0341,-14.214451,210.80124,22.2796,351.49173,275.67166,45.14335,418.1337,236.58194,40.29946,345.991,251.71211,44.741474,371.5711,289.19876,44.4301,3162,364.42062,290.16815,47.13671,365.12082,290.83655,47.57516,377.8021,489.4896,43.43086,-0.061007217,0.9957336,0.069228895,11.542637,-25.016539,222.42111,7.7814007,20.897633,263.67007,20.101894,-23.281713,250.73619,5.81278,-16.131367,206.5022,12.3400135,349.96692,277.5789,48.05465,441.79526,236.32993,44.974525,353.43658,249.26382,48.546806,367.73727,293.4978,46.914997,3163,393.61618,295.72723,49.255943,396.66638,297.19183,49.345486,315.3012,483.1445,49.206608,-0.08014002,0.9702474,0.22846793,11.542637,-10.030356,216.24927,-2.7437167,33.15477,257.05716,2.06643,-7.810318,243.12706,-9.072735,-2.0408604,200.86746,4.231927,379.9393,283.75073,50.68593,466.30954,242.94284,49.48339,384.37936,256.87292,52.268185,395.91827,299.13254,48.942017,3164,415.7354,287.7805,51.655346,417.70587,288.35825,51.813652,344.95987,493.91785,48.255787,-0.21214317,0.8953712,0.39154267,11.542637,2.9594262,223.04189,-13.500636,41.30427,247.2214,-15.118491,7.108692,240.55428,-21.158741,8.603169,209.1627,-4.978693,405.91885,276.95813,53.37516,482.60855,252.7786,53.779625,414.21738,259.44574,55.289684,417.20633,290.83728,51.244675
3,316,504.61313,267.95422,46.370132,498.2504,267.8919,46.692356,-127.587204,24.038494,-30.090338,-3.990962,24.038494,-30.090338,-3.990962,24.038494,-30.090338,0,1,0.0,0.51035166,18.068682,430.68524,269.46338,51.58604,58.309875,2,2,0,1,1,0,0,0,1,1,0,0,63.72,568.0293,281.57748,35.75831,769.45337,376.30344,-22.220177,3160,479.08487,304.66022,56.173985,482.95657,305.52954,55.925316,389.42166,498.08496,49.525097,-0.07199473,0.056444176,-0.99580663,18.068682,30.559576,196.33588,-8.794537,61.157497,200.23512,66.3385,33.01428,198.26038,25.158087,41.411602,194.98668,-29.486122,461.11914,303.66412,52.198635,522.315,299.7649,33.415375,466.02856,301.73962,43.71048,482.8232,305.0133,57.37153,3161,314.03506,245.14896,60.739876,313.86252,248.58759,60.958664,401.3076,494.13297,49.612785,-0.7613305,-0.20049857,-0.6165843,18.068682,-32.854538,253.20071,-34.739986,18.40451,236.60791,5.2265353,-14.452875,248.35458,-19.836897,-45.746517,255.55194,-45.702938,334.29092,246.79929,58.684998,436.80902,263.3921,48.693367,371.09424,251.64542,54.959225,308.50696,244.44806,61.425735,3162,428.1238,214.83737,70.09773,427.6804,219.07358,70.63481,398.9803,495.5612,49.321346,-0.26086703,-0.4238393,-0.86735725,18.068682,17.853683,279.86414,-67.49298,37.634613,244.19711,-2.6688762,25.271803,267.81168,-42.82846,12.901947,286.71042,-84.27832,435.70737,220.13586,66.873245,475.26923,255.80289,50.667217,450.5436,232.18832,60.707115,425.8039,213.28958,71.06958,3163,532.11926,312.21167,47.737465,531.8353,311.5191,46.93253,395.16592,500.87076,50.057415,0.264199,0.64683145,0.71540755,18.068682,61.171825,189.19977,-4.585602,59.920105,247.44217,-6.1434216,53.852985,207.1183,-24.403822,67.45343,186.88248,12.857546,522.3436,310.80023,51.1464,519.8402,252.55783,51.535854,507.706,292.8817,56.100956,534.90686,313.11752,46.785614,3164,549.5468,299.68054,48.685368,555.07104,299.7801,48.387417,396.3314,501.31488,50.186222,0.034394488,0.63822144,0.76908416,18.068682,72.29013,201.89235,-7.847671,81.039474,245.55133,-9.122467,71.61742,214.3752,-22.890034,75.404526,199.41293,8.923146,544.58026,298.10767,51.961918,562.079,254.44867,52.280617,543.23486,285.62482,55.722507,550.8091,300.58707,47.769215
4,316,499.1392,207.44672,42.142944,502.3599,208.82666,40.673626,-146.69737,50.446526,-38.499496,37.75764,50.446526,-38.499496,37.75764,50.446526,-38.499496,0,1,1.0,1.0,20.717062,437.14365,226.48853,50.123005,39.219498,0,4,0,0,0,0,0,1,1,1,0,1,63.72,563.3864,242.43243,35.35674,749.83203,396.981,-14.845512,3160,380.4886,235.65485,49.290085,377.98337,232.77176,49.69758,402.41364,495.95462,48.79957,-0.46263078,-0.056024544,-0.8847791,20.717062,3.1152391,262.15826,15.363825,57.32439,250.9794,76.00339,18.888912,260.24808,45.5309,-13.606926,265.90323,-0.57583874,406.23047,237.84174,46.159042,514.6488,249.0206,30.999153,437.77783,239.75192,38.617275,372.78616,234.09677,50.14396,3161,375.77994,217.8346,48.238506,373.43488,215.7717,48.366116,411.9192,522.6756,47.848434,-0.2729017,0.949177,-0.15680438,20.717062,-15.534372,293.36053,2.2094975,21.966333,314.3624,35.780586,-8.938228,316.30252,5.999522,-10.002973,278.74097,9.1080265,368.93124,206.63947,49.447624,443.93268,185.6376,41.054855,382.12354,183.69748,48.50012,379.99405,221.25903,47.722992,3162,389.6588,223.9075,50.94405,387.58755,222.55252,51.042625,406.6854,511.8525,48.86164,-0.37289423,0.92785895,-0.0052564237,20.717062,-8.38161,288.42453,-10.714961,38.510437,313.28595,21.122337,2.2221603,314.8095,-10.565487,-3.4227822,272.9881,-1.214141,383.2368,211.57547,52.67874,477.02087,186.71405,44.719414,404.44434,185.19049,52.641373,393.15445,227.0119,50.303535,3163,432.51834,231.74057,52.16212,423.01666,231.35245,52.702938,428.3678,508.41983,46.42461,-0.39018327,0.90896386,0.14677086,20.717062,13.707177,278.9374,-17.460957,56.704453,306.17145,9.391698,24.516035,304.11752,-21.526804,17.914436,265.40897,-5.280126,427.41437,221.06259,54.36524,513.4089,193.82855,47.652077,449.03207,195.88248,55.381702,435.82886,234.59103,51.32003,3164,472.49152,230.61118,53.15149,467.02393,230.48145,53.162342,418.92984,502.14014,47.510067,-0.5798816,0.7714758,0.26184422,20.717062,36.836594,277.94748,-22.797598,71.50338,295.1047,-1.4247947,48.178383,293.03662,-27.918957,36.890568,267.36023,-9.195601,473.6732,222.05252,55.699398,543.0068,204.8953,50.356197,496.35675,206.96338,56.97974,473.78113,232.63977,52.2989
0,316,476.25568,282.56378,47.86845,477.87695,285.60562,47.312225,-117.53799,19.575888,-34.294605,-4.4266777,19.575888,-34.294605,-4.4266777,19.575888,-34.294605,0,1,0.0,0.0,24.46819,471.98752,176.71027,51.327114,102.67618,4,4,0,1,1,1,1,0,1,1,1,1,63.72,546.8023,291.80994,37.67326,759.67834,400.47336,-18.09591,3160,482.21365,319.6916,58.24848,489.91168,320.17896,58.335705,372.69147,497.20285,49.85055,0.11413849,0.100818045,-0.988336,24.46819,33.9084,182.19989,-16.652552,52.12659,189.82541,61.602997,30.016783,185.63733,17.045359,42.768005,179.91899,-38.19399,467.8168,317.8001,54.16314,504.25317,310.1746,34.59925,460.03357,314.36267,45.73866,485.536,320.081,59.548496,3161,323.6248,236.39001,62.807953,325.90085,239.56842,62.75786,396.99118,493.82465,48.472424,-0.5177522,-0.52372086,-0.6764977,24.46819,-31.081457,257.72726,-41.84138,3.471787,219.95529,1.5166422,-18.56718,245.06871,-25.490162,-39.955593,265.6622,-54.09717,337.8371,242.27274,60.460346,406.94357,280.0447,49.62084,362.86563,254.93129,56.37254,320.0888,234.3378,63.524292,3162,329.1899,219.01929,63.77412,332.53986,221.19968,63.765,393.93835,495.67157,48.434273,-0.6361138,-0.57101893,-0.51893795,24.46819,-26.307213,273.1947,-46.984528,21.718628,227.71913,-8.307107,-8.218426,256.95697,-32.2278,-38.505535,283.27444,-57.12055,347.38556,226.8053,61.74613,443.43726,272.28088,52.07678,383.56314,243.04303,58.05695,322.98892,216.72556,64.280136,3163,466.57306,225.23422,71.702194,468.84775,227.06213,71.61778,390.7865,499.46664,49.136395,-0.12696609,-0.43488348,-0.8914909,24.46819,35.369057,271.7923,-72.74392,43.525444,231.59477,-13.663238,38.886272,259.74515,-48.04784,32.707676,276.12067,-90.72375,470.7381,228.2077,68.18598,487.0509,268.4052,53.41581,477.77255,240.25485,62.01196,465.41534,223.87933,72.68094,3164,506.0242,235.41672,68.65141,510.38528,236.11026,68.338875,395.6711,500.36514,49.399277,-0.19482742,-0.44435284,-0.87441,24.46819,56.274155,261.7239,-61.95259,64.43855,230.34108,-18.084558,60.084747,253.0329,-44.85018,51.947037,265.8468,-78.12,512.5483,238.2761,65.488144,528.8771,269.65894,54.52114,520.1695,246.9671,61.212547,503.89407,234.1532,69.53
1,316,495.60876,252.18117,47.46023,494.9194,250.78401,47.158073,-127.66407,21.826086,-27.422905,-2.16293,21.826086,-27.422905,-2.16293,21.826086,-27.422905,0,1,0.0,0.0,26.510988,404.24426,126.452576,42.695305,132.96825,5,4,1,1,1,1,1,1,1,1,1,0,63.72,555.8996,264.78632,36.49115,749.7285,398.29968,-16.942085,3160,321.01172,289.45966,42.14211,320.33432,288.5052,41.8252,394.9751,499.02097,51.965157,-0.9470842,0.08331985,-0.30998275,26.510988,-21.517256,210.12917,29.128824,54.145786,218.49818,63.78328,10.774148,212.97,39.697872,-44.761158,209.87222,31.8461,356.96548,289.87085,42.717793,508.29156,281.50183,34.05418,421.5483,287.03,40.07553,310.4777,290.12778,42.038475,3161,311.44452,206.01913,59.16553,309.87976,207.08292,59.05916,415.00876,474.15967,50.205196,-0.73776203,-0.49081635,-0.4634722,26.510988,-34.477028,288.53683,-29.754723,14.341067,253.24956,-0.1963766,-16.645025,276.67358,-18.552416,-47.294056,296.02032,-38.218693,331.04596,211.46317,57.438683,428.68213,246.75044,50.049095,366.70996,223.32642,54.638103,305.4119,203.97968,59.554672,3162,387.45377,183.15012,66.530426,385.92377,183.06049,66.2572,412.9703,494.64957,53.545002,-0.44928178,-0.61079246,-0.6519804,26.510988,0.46661475,308.76398,-56.218895,34.04509,259.61728,-8.002387,13.242572,291.39523,-37.67892,-8.258121,319.34415,-69.06717,400.93323,191.23602,64.054726,468.09018,240.38272,52.000595,426.48514,208.60477,59.41973,383.48376,180.65585,67.26679,3163,502.1993,180.58112,68.90439,501.75836,180.6257,68.775215,421.7741,495.9923,52.787254,-0.059730906,-0.655444,-0.75287807,26.510988,52.48999,310.55615,-64.38308,56.51954,261.76358,-11.090862,54.144657,292.39905,-43.52685,51.25968,322.25043,-78.90281,504.97998,189.44385,66.09577,513.03906,238.23642,52.772717,508.2893,207.60095,60.881714,502.51938,177.74957,69.7257,3164,606.0048,200.98212,65.54056,605.06335,200.04239,65.24052,410.41708,503.75043,53.33842,0.37316924,-0.58169645,-0.7227544,26.510988,98.3,292.23843,-51.801067,77.60296,258.8595,-13.443233,91.00126,280.86115,-37.66486,104.61933,301.57083,-64.842514,596.6,207.76157,62.950268,555.20593,241.1405,53.36081,582.0025,219.13885,59.416214,609.23865,198.42917,66.21063
2,316,446.47617,242.82144,48.152164,448.4199,241.83563,48.011135,-143.36609,43.830734,-35.520676,42.14192,43.830734,-35.520676,42.14192,43.830734,-35.520676,0,1,1.0,0.87746257,28.544657,383.35846,261.68518,51.94739,31.535185,0,1,0,0,0,0,0,1,0,0,0,0,63.72,510.7565,275.35233,40.645836,734.16724,384.28665,-14.442284,3160,386.87067,276.18945,56.867783,387.26068,275.7827,56.934837,424.24097,512.69556,50.893562,-0.16035575,0.20987193,-0.9644894,28.544657,-5.0243607,228.97133,-10.846572,32.7028,223.7295,58.0574,0.44306466,236.12704,22.038273,-5.6717167,221.7754,-33.107033,389.9513,271.0287,52.711643,465.4056,276.2705,35.48565,400.88614,263.87296,44.490433,388.65656,278.2246,58.276756,3161,384.962,271.3264,45.010403,384.5353,271.06757,45.124546,411.76892,497.30392,48.688324,0.47952023,0.7336271,0.4815098,28.544657,-17.329773,232.0795,13.04133,-1.8878171,282.02484,10.197064,-28.919968,249.81157,1.4030458,-3.753904,227.89946,22.535578,365.34045,267.9205,46.739666,396.22437,217.97516,47.450733,342.16006,250.18843,49.64924,392.4922,272.10052,44.366104,3162,395.955,280.2724,46.026924,395.60437,279.82983,46.11912,408.06845,499.81696,49.393475,0.35039154,0.7075274,0.61370254,28.544657,-12.166728,223.66791,7.143215,12.748745,276.70932,-5.527009,-22.130602,243.78745,-10.308275,1.6470001,218.6711,18.862946,375.66653,276.3321,48.214195,425.4975,223.29068,51.381752,355.7388,256.21255,52.57707,403.294,281.32892,45.284264,3163,416.1386,281.03394,48.872917,416.14636,280.34924,48.959137,403.47623,502.78607,49.343307,0.21423131,0.66583204,0.7146836,28.544657,-1.1652591,222.05595,-5.3285084,28.875956,265.84717,-17.408638,-7.099895,240.50084,-25.126673,11.400775,218.0413,7.902864,397.6695,277.94403,51.332127,457.75192,234.15283,54.352158,385.8002,259.49915,56.28167,422.80154,281.95868,48.024284,3164,430.2296,279.24384,52.155598,429.8846,278.52524,52.24697,403.55917,503.29572,49.353413,-0.06555261,0.6209605,0.781096,28.544657,8.888668,224.6081,-19.25962,41.433006,251.61507,-27.32052,10.170798,236.75333,-34.53692,17.272747,219.52594,-5.082659,417.77734,275.3919,54.814903,482.86603,248.38492,56.83013,420.34158,263.24667,58.63423,434.5455,280.47406,51.270664
3,316,519.0894,211.27505,51.103268,516.4371,210.67978,51.361748,-121.36635,14.1750555,-22.505814,1.6654248,14.1750555,-22.505814,1.6654248,14.1750555,-22.505814,0,1,0.0,0.88635266,36.12833,410.7226,211.87704,55.23824,70.56345,2,3,0,1,1,0,0,0,1,1,0,1,63.72,573.7322,218.8768,39.407852,709.5928,392.12982,-9.498226,3160,535.9276,255.50433,59.741932,536.7339,256.76105,59.010372,398.72363,498.16498,51.075123,0.2307511,0.27096716,-0.9345217,36.12833,56.609344,249.82616,-25.865784,61.395363,268.08987,53.433605,48.74175,259.06494,5.997293,70.65399,242.89151,-43.255062,513.2187,250.17384,56.466446,522.7907,231.91013,36.6416,497.4835,240.93506,48.500675,541.308,257.1085,60.813766,3161,344.09592,183.5711,67.7894,346.94684,187.24026,67.279144,396.47153,505.28674,49.84143,-0.6941952,-0.21666029,-0.6864046,36.12833,-19.064774,313.6939,-62.082367,27.065573,294.96027,-17.170336,-2.2857966,308.45715,-45.49169,-30.989218,315.91,-74.11625,361.87045,186.30609,65.52059,454.13113,205.03973,54.292583,395.4284,191.54285,61.372925,338.02158,184.09,68.52906,3162,452.61725,167.02332,76.545715,454.34976,164.96927,76.58513,389.7801,509.55658,50.364582,-0.24604705,-0.334563,-0.9096859,36.12833,29.50233,328.16763,-93.10403,47.512325,298.444,-24.885542,36.499023,318.65387,-67.23583,24.616152,332.98288,-110.599106,459.00467,171.83237,73.27601,495.02466,201.556,56.221386,472.99805,181.34613,66.80896,449.2323,167.01712,77.64977,3163,528.0615,270.71115,51.570457,524.2394,270.79147,51.618275,403.68372,504.81863,50.121918,0.057112277,0.75086707,0.65797937,36.12833,61.558727,235.08939,-18.45756,70.18721,298.32697,-27.139883,59.976604,255.88991,-36.684906,64.973434,227.30379,-1.8197659,523.11743,264.9106,54.61439,540.3744,201.67303,56.784973,519.9532,244.11008,59.171227,529.9469,272.69623,50.45494,3164,549.6419,257.93646,53.08517,546.8052,257.41718,53.210552,401.17468,504.7199,50.444424,-0.16052696,0.73439586,0.6594648,36.12833,74.96381,247.43372,-23.999525,91.02543,293.4679,-27.937305,78.10353,261.79764,-36.897865,74.85181,240.20343,-8.352879,549.9276,252.56628,55.99988,582.05084,206.5321,56.984325,556.20703,238.20236,59.224464,549.7036,259.79657,52.08822
4,316,499.9059,227.17496,39.78248,493.5666,225.46759,41.45487,-132.02704,40.00082,-42.955288,29.859133,40.00082,-42.955288,29.859133,40.00082,-42.955288,0,1,0.0,0.9353678,44.89601,463.8947,216.15692,47.130825,43.054462,3,5,1,0,0,1,1,1,1,1,1,1,63.72,576.78687,252.97029,32.49508,691.01465,441.90103,-13.564117,3160,402.30353,239.99854,46.12826,396.17505,236.34543,44.704105,370.7227,483.2315,46.32029,-0.73008937,-0.272055,-0.62686175,44.89601,11.151136,257.92004,30.349483,66.46336,240.51326,90.45661,36.043972,248.64417,51.72271,-2.1662016,260.95993,11.345904,422.30228,242.07996,42.41263,532.92676,259.48676,27.385847,472.08795,251.35583,37.06932,395.6676,239.04007,47.163525,3161,381.19525,215.363,46.787247,383.8839,213.43512,46.833443,399.21555,497.73834,49.76192,-0.4996446,0.79108363,-0.35290506,44.89601,-13.125023,294.91736,5.891877,20.036768,291.5227,44.325535,-1.0484124,314.03815,14.421734,-8.339677,281.25964,14.974025,373.74994,205.08264,48.52703,440.07355,208.4773,38.918617,397.90317,185.96185,46.394566,383.32065,218.74036,46.256493,3162,394.05484,215.85791,50.903114,396.3231,213.77295,51.0003,396.2464,496.1475,49.12258,-0.63795555,0.7261475,-0.25636414,44.89601,-6.2989435,295.7817,-11.444749,35.47299,290.04675,28.537088,11.842216,316.43073,-4.154676,-2.0720057,280.68704,-1.0802438,387.4021,204.21829,52.861187,470.94598,209.95325,42.865726,423.68442,183.56927,51.03867,395.856,219.31296,50.27006,3163,404.25818,200.90903,62.411816,405.41968,200.47833,62.710945,397.55652,498.74203,49.94804,-0.64689994,-0.08549622,-0.757767,44.89601,12.310819,300.3639,-39.751106,53.568657,283.3514,16.414173,30.231241,297.99545,-18.759445,-0.9861777,298.25546,-52.706276,424.62164,199.63611,59.937775,507.13733,216.64859,45.896458,460.4625,202.00455,54.68986,398.02765,201.74454,63.176567,3164,443.21094,206.17834,59.011536,444.19058,207.49359,59.86372,397.90378,501.699,50.278427,-0.7595112,-0.22831252,-0.60911095,44.89601,32.664032,293.14075,-28.854685,68.91074,272.527,6.121927,47.51916,288.67523,-16.941206,18.1879,293.7535,-38.191353,465.32806,206.85925,57.213673,537.8215,227.47299,48.469517,495.03833,211.32477,54.235302,436.3758,206.24649,59.547836
